comp,y
Ba2Ca6Mo8O24,-4.464
Ba2Ca6V8O24,-3.549
Ba2Ca6Zr8O24,-1.077
Ba4Ca4Mo8O24,-4.392
Ba4Ca4Zr8O24,-1.045
Sr2Ca6Nb8O24,-4.684
Sr2Ca6Ta8O24,-5.487
Sr2Ca6V8O24,-3.615
Sr2Ca6Zr8O24,-0.952
Sr4Ca4Ta8O24,-5.403
Sr4Ca4V8O24,-3.571
Ba2Gd6Mo8O24,-4.622
Ba2Gd6V8O24,-4.149
Ba2Gd6Zr8O24,-5.489
Ba4Gd4Mo8O24,-4.209
Ba4Gd4V8O24,-3.713
Ba4Gd4Zr8O24,-5.301
Ca2Gd6V8O24,-4.187
Ca4Gd4V8O24,-3.86
Sr2Gd6V8O24,-4.153
Sr2Gd6Zr8O24,-5.55
Sr4Gd4Mo8O24,-4.285
Sr4Gd4Ta8O24,-5.911
Sr4Gd4V8O24,-3.846
Sr4Gd4Zr8O24,-5.4
Ba8Mo8O24,-4.097
Ba8Nb8O24,-4.29
Ba8Ta8O24,-5.015
Ba2La6Nb8O24,-5.607
Ba2La6Ta8O24,-6.333
Ba2La6Zr8O24,-5.765
Ba4La4Nb8O24,-5.445
Ba4La4Ta8O24,-6.079
Ca8Mo8O24,-4.49
Ca8Nb8O24,-4.733
Ca8Zr8O24,-0.95
Ca2La6Mo8O24,-4.86
Ca2La6Nb8O24,-5.405
Ca2La6Ta8O24,-6.022
Ca2La6Zr8O24,-5.641
Ca4La4Mo8O24,-4.703
Ca4La4Nb8O24,-5.354
Ca4La4Ta8O24,-6.046
Ca4La4Zr8O24,-5.49
Gd8Nb8O24,-5.222
Gd8Ta8O24,-5.581
Gd8V8O24,-4.452
Gd8Zr8O24,-5.215
La6Gd2Mo8O24,-5.123
La6Gd2Ta8O24,-5.99
La6Gd2Zr8O24,-5.75
La4Gd4Mo8O24,-5.085
La4Gd4Ta8O24,-5.667
Pr8Nb8O24,-4.787
Pr8Ta8O24,-5.272
Pr8V8O24,-4.051
Pr8Zr8O24,-4.989
La6Pr2Mo8O24,-5.108
La6Pr2Nb8O24,-5.371
La6Pr2Zr8O24,-5.79
La4Pr4Nb8O24,-5.223
La4Pr4Ta8O24,-5.686
La4Pr4V8O24,-4.52
La4Pr4Zr8O24,-5.544
Sr8Mo8O24,-4.46
Sr8Nb8O24,-4.58
Sr8Ta8O24,-5.383
Sr8Zr8O24,-0.952
Sr2La6Nb8O24,-5.586
Sr2La6Zr8O24,-5.779
Sr4La4Mo8O24,-4.777
Sr4La4Ta8O24,-6.247
Sr4La4Zr8O24,-5.609
Y8Mo8O24,-4.495
Y8Ta8O24,-5.492
Y8Zr8O24,-5.043
La6Y2Mo8O24,-5.044
La6Y2Nb8O24,-5.387
La6Y2Ta8O24,-6.074
La6Y2V8O24,-4.567
La6Y2Zr8O24,-5.716
La4Y4Mo8O24,-4.796
La4Y4Nb8O24,-5.015
La4Y4Ta8O24,-5.509
La4Y4V8O24,-4.507
La4Y4Zr8O24,-5.247
Ba2Pr6Mo8O24,-4.264
Ba2Pr6Ta8O24,-5.791
Ba2Pr6V8O24,-3.858
Ba2Pr6Zr8O24,-5.181
Ba4Pr4Mo8O24,-4.036
Ba4Pr4Ta8O24,-5.627
Ba4Pr4Zr8O24,-5.067
Ca2Pr6Mo8O24,-4.195
Ca2Pr6Nb8O24,-4.863
Ca2Pr6Ta8O24,-5.406
Ca2Pr6V8O24,-3.918
Ca2Pr6Zr8O24,-4.947
Ca4Pr4Mo8O24,-4.191
Ca4Pr4Nb8O24,-5.047
Ca4Pr4Ta8O24,-5.745
Ca4Pr4V8O24,-3.734
Ca4Pr4Zr8O24,-5.031
Pr6Gd2Nb8O24,-4.135
Pr6Gd2Zr8O24,-5.102
Pr4Gd4Mo8O24,-4.601
Pr4Gd4Ta8O24,-1.798
Sr2Pr6Mo8O24,-4.204
Sr2Pr6Ta8O24,-5.579
Sr4Pr4Mo8O24,-4.136
Sr4Pr4Nb8O24,-5.106
Sr4Pr4Ta8O24,-5.811
Sr4Pr4V8O24,-3.63
Sr4Pr4Zr8O24,-5.191
Pr6Y2Mo8O24,-4.314
Pr6Y2Nb8O24,-4.825
Pr6Y2Ta8O24,-5.161
Pr6Y2V8O24,-4.037
Pr6Y2Zr8O24,-5.227
Pr4Y4Mo8O24,-4.362
Pr4Y4Nb8O24,-4.573
Pr4Y4V8O24,-4.042
Pr4Y4Zr8O24,-4.749
Ba2Sr6Nb8O24,-4.523
Ba2Sr6Ta8O24,-5.299
Ba2Sr6Zr8O24,-0.974
Ba4Sr4Mo8O24,-4.306
Ba4Sr4Zr8O24,-1.001
Ba2Y6Mo8O24,-4.042
Ba2Y6Nb8O24,-4.936
Ba2Y6Ta8O24,-5.495
Ba2Y6Zr8O24,-5.206
Ba4Y4Mo8O24,-3.9
Ba4Y4Nb8O24,-4.879
Ba4Y4Ta8O24,-5.584
Ca2Y6Nb8O24,-4.835
Ca2Y6Ta8O24,-5.358
Ca2Y6Zr8O24,-4.754
Ca4Y4Mo8O24,-4.309
Ca4Y4Nb8O24,-4.932
Ca4Y4Ta8O24,-5.762
Ca4Y4Zr8O24,-5.43
Gd2Y6Mo8O24,-4.461
Gd2Y6Nb8O24,-5.084
Gd2Y6Ta8O24,-5.501
Gd2Y6Zr8O24,-5.007
Gd4Y4Mo8O24,-4.732
Gd4Y4Ta8O24,-5.108
Gd4Y4Zr8O24,-4.805
Sr2Y6Nb8O24,-4.909
Sr2Y6Ta8O24,-5.045
Sr2Y6Zr8O24,-5.231
Sr4Y4Mo8O24,-4.147
Sr4Y4Ta8O24,-5.791
Sr4Y4Zr8O24,-4.78
La8V8O24,-4.601
Cs8Mo8O24,-3.504
Dy8Hf8O24,-5.014
Dy8Ti8O24,-4.859
Dy8Zr8O24,-4.861
Gd8Hf8O24,-5.42
K8Cr8O24,-3.213
K8Mo8O24,-2.846
K8W8O24,-4.09
La8Hf8O24,-6.182
La8Zr8O24,-5.707
Li8Cr8O24,-2.811
Li8Mo8O24,-3.249
Li8W8O24,-4.669
Na8Cr8O24,-3.068
Na8Mo8O24,-2.867
Na8W8O24,-4.24
Pr8Hf8O24,-5.209
Pr8Ti8O24,-4.894
Rb8Cr8O24,-3.32
Rb8Mo8O24,-2.622
Rb8W8O24,-3.856
Sn8Nb8O24,-4.047
Sn8Ta8O24,-4.535
Sn8V8O24,-3.271
Y8Hf8O24,-5.141
Ba8Nb6P2O24,-4.379
Ba8Nb4P4O24,-2.857
Ba8Nb2P6O24,-3.357
Ba8Nb6Sb2O24,-4.11
Ba8Nb4Sb4O24,-3.114
Ba8Nb2Sb6O24,-3.097
Ba8Ta2Nb6O24,-4.436
Ba8Ta4Nb4O24,-4.583
Ba8Ta6Nb2O24,-4.8
Ba8Nb6V2O24,-3.838
Ba8Nb2V6O24,-3.244
Be8Nb8O24,-4.279
Be8P8O24,-2.043
Be8Sb8O24,-2.181
Be8Ta8O24,-5.189
Be8V8O24,-3.168
Ba6Be2Nb8O24,-4.114
Ba6Be2Nb6P2O24,-4.152
Ba6Be2Nb4P4O24,-2.947
Ba6Be2Nb2P6O24,-3.397
Ba6Be2Sb8O24,-2.456
Ba6Be2Nb6Sb2O24,-4.074
Ba6Be2Nb4Sb4O24,-1.715
Ba6Be2Nb2Sb6O24,-2.155
Ba6Be2Ta8O24,-4.482
Ba6Be2Ta2Nb6O24,-4.267
Ba6Be2Ta4Nb4O24,-4.445
Ba6Be2Ta6Nb2O24,-4.28
Ba6Be2V8O24,-3.735
Ba6Be2Nb6V2O24,-3.824
Ba6Be2Nb4V4O24,-3.427
Ba6Be2Nb2V6O24,-3.209
Ca4Be4Nb6P2O24,-4.385
Ca4Be4Nb4P4O24,-4.79
Ca4Be4Nb2P6O24,-5.397
Ca4Be4Nb6Sb2O24,-4.132
Ca4Be4Nb4Sb4O24,-2.171
Ca4Be4Nb2Sb6O24,-2.102
Ca4Be4Ta2Nb6O24,-4.516
Ca4Be4Ta4Nb4O24,-4.675
Ca4Be4Ta6Nb2O24,-4.749
Ca4Be4Nb6V2O24,-4.107
Ca4Be4Nb4V4O24,-3.731
Ca4Be4Nb2V6O24,-3.392
Mg4Be4Nb6P2O24,-4.341
Mg4Be4Nb4P4O24,-4.484
Mg4Be4Nb2P6O24,-4.635
Mg4Be4Nb6Sb2O24,-3.941
Mg4Be4Nb4Sb4O24,-1.689
Mg4Be4Nb2Sb6O24,-1.815
Mg4Be4Ta2Nb6O24,-4.355
Mg4Be4Ta4Nb4O24,-4.494
Mg4Be4Ta6Nb2O24,-4.806
Mg4Be4Nb6V2O24,-3.911
Mg4Be4Nb4V4O24,-3.533
Mg4Be4Nb2V6O24,-3.237
Sr4Be4Nb6P2O24,-4.112
Sr4Be4Nb4P4O24,-5.275
Sr4Be4Nb2P6O24,-4.576
Sr4Be4Nb6Sb2O24,-3.921
Sr4Be4Nb4Sb4O24,-1.812
Sr4Be4Nb2Sb6O24,-1.684
Sr4Be4Ta2Nb6O24,-4.208
Sr4Be4Ta4Nb4O24,-4.372
Sr4Be4Ta6Nb2O24,-4.868
Sr4Be4Nb6V2O24,-3.894
Sr4Be4Nb4V4O24,-3.46
Sr4Be4Nb2V6O24,-3.156
Ba4Be4Nb8O24,-4.211
Ba4Be4P8O24,-3.798
Ba4Be4Nb6P2O24,-3.949
Ba4Be4Nb4P4O24,-3.992
Ba4Be4Nb2P6O24,-3.208
Ba4Be4Sb8O24,-1.98
Ba4Be4Nb6Sb2O24,-3.843
Ba4Be4Nb4Sb4O24,-1.855
Ba4Be4Nb2Sb6O24,-1.724
Ba4Be4Ta8O24,-4.847
Ba4Be4Ta2Nb6O24,-4.332
Ba4Be4Ta4Nb4O24,-4.597
Ba4Be4Ta6Nb2O24,-4.742
Ba4Be4V8O24,-3.646
Ba4Be4Nb6V2O24,-3.838
Ba4Be4Nb4V4O24,-3.634
Ba4Be4Nb2V6O24,-3.475
Ba2Be6Nb8O24,-3.889
Ba2Be6P8O24,-3.325
Ba2Be6Nb6P2O24,-4.396
Ba2Be6Nb4P4O24,-4.949
Ba2Be6Nb2P6O24,-3.082
Ba2Be6Sb8O24,-1.835
Ba2Be6Nb6Sb2O24,-4.121
Ba2Be6Nb4Sb4O24,-1.69
Ba2Be6Nb2Sb6O24,-1.911
Ba2Be6Ta8O24,-4.873
Ba2Be6Ta2Nb6O24,-4.053
Ba2Be6Ta4Nb4O24,-4.251
Ba2Be6Ta6Nb2O24,-4.522
Ba2Be6V8O24,-2.914
Ba2Be6Nb6V2O24,-3.779
Ba2Be6Nb4V4O24,-3.298
Ba2Be6Nb2V6O24,-3.88
Ca8P8O24,-4.031
Ca8Sb8O24,-2.7
Ca8Ta8O24,-5.504
Ba6Ca2P8O24,-3.571
Ba6Ca2Nb6P2O24,-4.39
Ba6Ca2Nb4P4O24,-2.907
Ba6Ca2Nb2P6O24,-3.345
Ba6Ca2Sb8O24,-2.632
Ba6Ca2Nb6Sb2O24,-4.101
Ba6Ca2Nb4Sb4O24,-2.246
Ba6Ca2Nb2Sb6O24,-2.401
Ba6Ca2Ta8O24,-5.052
Ba6Ca2Ta4Nb4O24,-4.66
Ba6Ca2Ta6Nb2O24,-4.874
Ba6Ca2V8O24,-3.133
Ba6Ca2Nb6V2O24,-4.052
Ba6Ca2Nb4V4O24,-3.641
Ba6Ca2Nb2V6O24,-3.429
Ba4Ca4Nb8O24,-4.48
Ba4Ca4P8O24,-3.911
Ba4Ca4Nb6P2O24,-4.481
Ba4Ca4Nb4P4O24,-3.121
Ba4Ca4Nb2P6O24,-3.437
Ba4Ca4Sb8O24,-2.529
Ba4Ca4Nb6Sb2O24,-4.163
Ba4Ca4Nb4Sb4O24,-2.136
Ba4Ca4Nb2Sb6O24,-2.246
Ba4Ca4Ta8O24,-5.17
Ba4Ca4Ta2Nb6O24,-4.635
Ba4Ca4Ta4Nb4O24,-4.789
Ba4Ca4Ta6Nb2O24,-4.998
Ba4Ca4V8O24,-3.327
Ba4Ca4Nb6V2O24,-4.174
Ba4Ca4Nb4V4O24,-3.617
Ba4Ca4Nb2V6O24,-3.62
Ba2Ca6Nb8O24,-4.644
Ba2Ca6P8O24,-3.223
Ba2Ca6Nb6P2O24,-4.538
Ba2Ca6Nb4P4O24,-3.15
Ba2Ca6Nb2P6O24,-3.546
Ba2Ca6Sb8O24,-2.674
Ba2Ca6Nb6Sb2O24,-4.243
Ba2Ca6Nb4Sb4O24,-2.2
Ba2Ca6Nb2Sb6O24,-2.277
Ba2Ca6Ta8O24,-5.428
Ba2Ca6Ta2Nb6O24,-4.818
Ba2Ca6Ta4Nb4O24,-4.949
Ba2Ca6Ta6Nb2O24,-5.164
Ba2Ca6Nb6V2O24,-4.352
Ba2Ca6Nb4V4O24,-3.84
Ba2Ca6Nb2V6O24,-3.658
Mg8Nb8O24,-4.193
Mg8P8O24,-2.641
Mg8Sb8O24,-2.099
Mg8Ta8O24,-5.157
Mg8V8O24,-2.996
Ba6Mg2Nb8O24,-4.354
Ba6Mg2P8O24,-3.313
Ba6Mg2Nb6P2O24,-4.292
Ba6Mg2Nb4P4O24,-2.872
Ba6Mg2Nb2P6O24,-3.208
Ba6Mg2Sb8O24,-2.608
Ba6Mg2Nb6Sb2O24,-4.002
Ba6Mg2Nb4Sb4O24,-1.974
Ba6Mg2Nb2Sb6O24,-2.162
Ba6Mg2Ta8O24,-5.097
Ba6Mg2Ta2Nb6O24,-4.478
Ba6Mg2Ta4Nb4O24,-4.645
Ba6Mg2Ta6Nb2O24,-4.836
Ba6Mg2V8O24,-3.203
Ba6Mg2Nb6V2O24,-3.95
Ba6Mg2Nb4V4O24,-3.547
Ba6Mg2Nb2V6O24,-3.239
Ca4Mg4Nb6P2O24,-4.352
Ca4Mg4Nb4P4O24,-4.747
Ca4Mg4Nb2P6O24,-5.244
Ca4Mg4Nb6Sb2O24,-4.178
Ca4Mg4Nb4Sb4O24,-2.115
Ca4Mg4Nb2Sb6O24,-2.296
Ca4Mg4Ta2Nb6O24,-4.736
Ca4Mg4Ta4Nb4O24,-4.754
Ca4Mg4Ta6Nb2O24,-5.161
Ca4Mg4Nb6V2O24,-4.29
Ca4Mg4Nb4V4O24,-3.747
Ca4Mg4Nb2V6O24,-3.469
Sr4Mg4Nb6P2O24,-4.28
Sr4Mg4Nb4P4O24,-2.824
Sr4Mg4Nb2P6O24,-3.032
Sr4Mg4Nb6Sb2O24,-3.98
Sr4Mg4Nb4Sb4O24,-2.02
Sr4Mg4Nb2Sb6O24,-1.847
Sr4Mg4Ta2Nb6O24,-4.627
Sr4Mg4Ta4Nb4O24,-4.79
Sr4Mg4Ta6Nb2O24,-5.081
Sr4Mg4Nb6V2O24,-4.039
Sr4Mg4Nb4V4O24,-3.531
Sr4Mg4Nb2V6O24,-3.266
Ba4Mg4Nb8O24,-4.312
Ba4Mg4P8O24,-3.739
Ba4Mg4Nb6P2O24,-4.251
Ba4Mg4Nb4P4O24,-2.791
Ba4Mg4Nb2P6O24,-3.22
Ba4Mg4Sb8O24,-1.926
Ba4Mg4Nb6Sb2O24,-4.013
Ba4Mg4Nb4Sb4O24,-1.961
Ba4Mg4Nb2Sb6O24,-1.82
Ba4Mg4Ta8O24,-5.227
Ba4Mg4Ta2Nb6O24,-4.395
Ba4Mg4Ta4Nb4O24,-4.513
Ba4Mg4Ta6Nb2O24,-4.831
Ba4Mg4V8O24,-3.003
Ba4Mg4Nb6V2O24,-3.856
Ba4Mg4Nb4V4O24,-3.314
Ba4Mg4Nb2V6O24,-3.087
Ba2Mg6Nb8O24,-4.376
Ba2Mg6P8O24,-2.993
Ba2Mg6Nb6P2O24,-4.214
Ba2Mg6Nb4P4O24,-2.792
Ba2Mg6Nb2P6O24,-4.238
Ba2Mg6Sb8O24,-1.789
Ba2Mg6Nb6Sb2O24,-3.868
Ba2Mg6Nb4Sb4O24,-1.795
Ba2Mg6Nb2Sb6O24,-1.763
Ba2Mg6Ta8O24,-5.182
Ba2Mg6Ta2Nb6O24,-4.413
Ba2Mg6Ta4Nb4O24,-4.516
Ba2Mg6Ta6Nb2O24,-4.891
Ba2Mg6V8O24,-3.14
Ba2Mg6Nb6V2O24,-3.926
Ba2Mg6Nb4V4O24,-3.298
Ba2Mg6Nb2V6O24,-3.096
Sr8P8O24,-3.584
Sr8Sb8O24,-2.683
Ba6Sr2Nb8O24,-4.371
Ba6Sr2P8O24,-2.445
Ba6Sr2Nb6P2O24,-4.451
Ba6Sr2Nb4P4O24,-2.868
Ba6Sr2Nb2P6O24,-3.31
Ba6Sr2Sb8O24,-2.915
Ba6Sr2Nb6Sb2O24,-4.142
Ba6Sr2Nb4Sb4O24,-2.747
Ba6Sr2Nb2Sb6O24,-3.008
Ba6Sr2Ta8O24,-5.093
Ba6Sr2Ta2Nb6O24,-4.525
Ba6Sr2Ta4Nb4O24,-4.677
Ba6Sr2Ta6Nb2O24,-4.892
Ba6Sr2V8O24,-3.128
Ba6Sr2Nb6V2O24,-3.934
Ba6Sr2Nb4V4O24,-3.52
Ba6Sr2Nb2V6O24,-3.355
Sr4Ca4Nb6P2O24,-4.514
Sr4Ca4Nb4P4O24,-3.024
Sr4Ca4Nb2P6O24,-3.687
Sr4Ca4Nb6Sb2O24,-4.17
Sr4Ca4Nb4Sb4O24,-2.094
Sr4Ca4Nb2Sb6O24,-2.494
Sr4Ca4Ta2Nb6O24,-4.802
Sr4Ca4Ta4Nb4O24,-4.959
Sr4Ca4Ta6Nb2O24,-5.195
Sr4Ca4Nb6V2O24,-4.349
Sr4Ca4Nb2V6O24,-3.741
Ba4Sr4Nb8O24,-4.451
Ba4Sr4P8O24,-3.992
Ba4Sr4Nb6P2O24,-4.488
Ba4Sr4Nb4P4O24,-2.806
Ba4Sr4Nb2P6O24,-3.324
Ba4Sr4Sb8O24,-2.906
Ba4Sr4Nb6Sb2O24,-4.223
Ba4Sr4Nb4Sb4O24,-2.518
Ba4Sr4Nb2Sb6O24,-2.836
Ba4Sr4Ta8O24,-5.177
Ba4Sr4Ta2Nb6O24,-4.612
Ba4Sr4Ta4Nb4O24,-4.769
Ba4Sr4Ta6Nb2O24,-4.988
Ba4Sr4Nb6V2O24,-4.035
Ba4Sr4Nb2V6O24,-3.45
Ba2Sr6P8O24,-2.553
Ba2Sr6Nb6P2O24,-4.454
Ba2Sr6Nb4P4O24,-2.843
Ba2Sr6Nb2P6O24,-3.146
Ba2Sr6Sb8O24,-2.784
Ba2Sr6Nb6Sb2O24,-4.215
Ba2Sr6Nb4Sb4O24,-2.574
Ba2Sr6Nb2Sb6O24,-2.799
Ba2Sr6Ta2Nb6O24,-4.682
Ba2Sr6Ta4Nb4O24,-4.848
Ba2Sr6Ta6Nb2O24,-5.076
Ba2Sr6Nb6V2O24,-4.12
Ba2Sr6Nb4V4O24,-3.773
Ba2Sr6Nb2V6O24,-3.543
Ba7Zn1Co8O24,-2.076
Ba7Zn1Fe8O24,-1.889
Ba7Zn1Mn8O24,-2.1
Ba7Zn1Ni8O24,-1.556
Ba6Zn2Co8O24,-2.001
Ba6Zn2Hf2Co6O24,-1.766
Ba6Zn2Nb2Co6O24,-1.936
Ba6Zn2Ta2Co6O24,-2.171
Ba6Zn2Ti2Co6O24,-2.176
Ba6Zn2Zr2Co6O24,-1.771
Ba6Zn2Fe8O24,-1.783
Ba6Zn2Hf2Fe6O24,-1.884
Ba6Zn2Nb2Fe6O24,-2.263
Ba6Zn2Ta2Fe6O24,-2.241
Ba6Zn2Ti2Fe6O24,-1.887
Ba6Zn2Zr2Fe6O24,-2.009
Ba6Zn2Mn8O24,-2.144
Ba6Zn2Hf2Mn6O24,-1.661
Ba6Zn2Mn6Nb2O24,-2.151
Ba6Zn2Ta2Mn6O24,-2.174
Ba6Zn2Ti2Mn6O24,-2.223
Ba6Zn2Zr2Mn6O24,-1.668
Ba6Zn2Ni8O24,-1.152
Ba6Zn2Hf2Ni6O24,-1.232
Ba6Zn2Nb2Ni6O24,-1.384
Ba6Zn2Ta2Ni6O24,-1.41
Ba6Zn2Ti2Ni6O24,-1.384
Ba6Zn2Zr2Ni6O24,-1.233
Ba4La1Zn3Ni8O24,-1.461
Ba4La1Zn3Co8O24,-2.167
Ba4La1Zn3Fe8O24,-2.167
Ba4La1Zn3Mn8O24,-2.56
La7Zn1Co8O24,-3.126
La7Zn1Fe8O24,-3.661
La7Zn1Mn8O24,-3.932
La7Zn1Ni8O24,-2.789
La6Zn2Co8O24,-2.985
La6Zn2Hf2Co6O24,-3.274
La6Zn2Nb2Co6O24,-3.504
La6Zn2Ta2Co6O24,-3.523
La6Zn2Ti2Co6O24,-3.104
La6Zn2Zr2Co6O24,-3.054
La6Zn2Fe8O24,-3.47
La6Zn2Hf2Fe6O24,-3.456
La6Zn2Nb2Fe6O24,-3.889
La6Zn2Ta2Fe6O24,-3.827
La6Zn2Ti2Fe6O24,-3.481
La6Zn2Zr2Fe6O24,-3.469
La6Zn2Mn8O24,-3.647
La6Zn2Hf2Mn6O24,-3.949
La6Zn2Mn6Nb2O24,-3.997
La6Zn2Ta2Mn6O24,-4.012
La6Zn2Ti2Mn6O24,-3.848
La6Zn2Zr2Mn6O24,-3.873
La6Zn2Ni8O24,-2.589
La6Zn2Hf2Ni6O24,-2.903
La6Zn2Nb2Ni6O24,-3.096
La6Zn2Ta2Ni6O24,-3.083
La6Zn2Ti2Ni6O24,-2.929
La6Zn2Zr2Ni6O24,-2.897
La5Zn3Co8O24,-2.915
La5Zn3Fe8O24,-3.281
La5Zn3Mn8O24,-3.455
La5Zn3Ni8O24,-2.514
Pr7Zn1Co8O24,-2.534
Pr7Zn1Fe8O24,-3.092
Pr7Zn1Mn8O24,-3.417
Pr7Zn1Ni8O24,-1.985
Pr6Zn2Co8O24,-2.385
Pr6Zn2Hf2Co6O24,-2.708
Pr6Zn2Nb2Co6O24,-2.863
Pr6Zn2Ta2Co6O24,-2.955
Pr6Zn2Ti2Co6O24,-2.506
Pr6Zn2Zr2Co6O24,-2.523
Pr6Zn2Fe8O24,-2.89
Pr6Zn2Hf2Fe6O24,-2.873
Pr6Zn2Nb2Fe6O24,-3.261
Pr6Zn2Ta2Fe6O24,-3.266
Pr6Zn2Ti2Fe6O24,-2.921
Pr6Zn2Zr2Fe6O24,-2.903
Pr6Zn2Mn8O24,-3.174
Pr6Zn2Hf2Mn6O24,-3.341
Pr6Zn2Mn6Nb2O24,-3.492
Pr6Zn2Ta2Mn6O24,-3.495
Pr6Zn2Ti2Mn6O24,-3.345
Pr6Zn2Zr2Mn6O24,-3.346
Pr6Zn2Ni8O24,-1.715
Pr6Zn2Hf2Ni6O24,-2.157
Pr6Zn2Nb2Ni6O24,-2.319
Pr6Zn2Ta2Ni6O24,-2.32
Pr6Zn2Ti2Ni6O24,-2.237
Pr6Zn2Zr2Ni6O24,-2.174
La1Pr4Zn3Co8O24,-2.458
La1Pr4Zn3Fe8O24,-2.88
La1Pr4Zn3Mn8O24,-3.111
La1Pr4Zn3Ni8O24,-1.908
Sr7Zn1Co8O24,-1.939
Sr7Zn1Fe8O24,-2.23
Sr7Zn1Mn8O24,-1.864
Sr7Zn1Ni8O24,-1.247
Sr6Zn2Co8O24,-1.864
Sr6Zn2Hf2Co6O24,-1.821
Sr6Zn2Nb2Co6O24,-2.066
Sr6Zn2Ta2Co6O24,-2.062
Sr6Zn2Ti2Co6O24,-1.891
Sr6Zn2Zr2Co6O24,-1.835
Sr6Zn2Fe8O24,-2.149
Sr6Zn2Hf2Fe6O24,-2.097
Sr6Zn2Nb2Fe6O24,-2.356
Sr6Zn2Ta2Fe6O24,-2.405
Sr6Zn2Ti2Fe6O24,-2.209
Sr6Zn2Zr2Fe6O24,-2.129
Sr6Zn2Mn8O24,-1.83
Sr6Zn2Hf2Mn6O24,-1.845
Sr6Zn2Mn6Nb2O24,-2.634
Sr6Zn2Ta2Mn6O24,-2.692
Sr6Zn2Ti2Mn6O24,-1.935
Sr6Zn2Zr2Mn6O24,-1.839
Sr6Zn2Ni8O24,-1.198
Sr6Zn2Hf2Ni6O24,-1.269
Sr6Zn2Nb2Ni6O24,-1.635
Sr6Zn2Ta2Ni6O24,-1.657
Sr6Zn2Ti2Ni6O24,-1.323
Sr6Zn2Zr2Ni6O24,-1.293
Sr4La1Zn3Co8O24,-2.122
Sr4La1Zn3Fe8O24,-2.398
Sr4La1Zn3Mn8O24,-2.429
Sr4La1Zn3Ni8O24,-1.529
Y7Zn1Co8O24,-2.56
Y7Zn1Fe8O24,-3.133
Y7Zn1Mn8O24,-3.523
Y7Zn1Ni8O24,-2.186
Y6Zn2Co8O24,-2.445
Y6Zn2Hf2Co6O24,-2.715
Y6Zn2Nb2Co6O24,-3.057
Y6Zn2Ta2Co6O24,-3.033
Y6Zn2Ti2Co6O24,-2.743
Y6Zn2Zr2Co6O24,-2.609
Y6Zn2Fe8O24,-2.969
Y6Zn2Hf2Fe6O24,-3.075
Y6Zn2Nb2Fe6O24,-3.284
Y6Zn2Ta2Fe6O24,-3.542
Y6Zn2Ti2Fe6O24,-2.974
Y6Zn2Zr2Fe6O24,-2.908
Y6Zn2Mn8O24,-3.33
Y6Zn2Hf2Mn6O24,-3.512
Y6Zn2Mn6Nb2O24,-3.632
Y6Zn2Ta2Mn6O24,-3.657
Y6Zn2Ti2Mn6O24,-3.462
Y6Zn2Zr2Mn6O24,-3.508
Y6Zn2Ni8O24,-1.913
Y6Zn2Hf2Ni6O24,-2.31
Y6Zn2Nb2Ni6O24,-2.449
Y6Zn2Ta2Ni6O24,-2.453
Y6Zn2Ti2Ni6O24,-2.379
Y6Zn2Zr2Ni6O24,-2.326
La1Y4Zn3Co8O24,-2.503
La1Y4Zn3Fe8O24,-2.929
La1Y4Zn3Mn8O24,-3.27
La1Y4Zn3Ni8O24,-2.052
Ba8Hf4Fe4O24,-2.282
Ba8Hf6Fe2O24,-1.729
Ba8Hf7Fe1O24,-1.589
Ba8Zr4Fe4O24,-2.469
Ba8Zr7Fe1O24,-1.638
Ca8Fe8O24,-2.637
Ba7Ca1Fe8O24,-1.872
Ba6Ca2Fe8O24,-2
Ba4Ca4Fe8O24,-2.242
Ba2Ca6Fe8O24,-2.479
Ba7Ce1Fe8O24,-2.186
Ba6Ce2Fe8O24,-2.578
Dy8Fe8O24,-4.189
Ba7Dy1Fe8O24,-2.003
Ba6Dy2Fe8O24,-2.282
Ba4Dy4Fe8O24,-2.817
Ba2Dy6Fe8O24,-3.482
Gd8Fe8O24,-4.163
Ba7Gd1Fe8O24,-2.065
Ba6Gd2Fe8O24,-2.319
Ba4Gd4Fe8O24,-2.65
Ba2Gd6Fe8O24,-3.293
Ho8Fe8O24,-4.214
Ba7Ho1Fe8O24,-2.014
Ba6Ho2Fe8O24,-2.283
Ba4Ho4Fe8O24,-2.815
Ba2Ho6Fe8O24,-3.543
Ba7La1Fe8O24,-2.084
Ba7La1Fe7Co1O24,-2.008
Ba7La1Fe6Co2O24,-1.972
Ba7La1Fe4Co4O24,-2.079
Ba6La2Fe8O24,-2.341
Ba6La2Fe7Co1O24,-2.337
Ba6La2Fe4Co4O24,-2.182
Ba4La4Fe6Co2O24,-2.877
Mg8Fe8O24,-2.282
Ba7Mg1Fe8O24,-1.859
Ba6Mg2Fe8O24,-1.927
Ba4Mg4Fe8O24,-2.086
Ba2Mg6Fe8O24,-2.214
Nd8Fe8O24,-3.758
Ba7Nd1Fe8O24,-1.984
Ba6Nd2Fe8O24,-2.171
Ba4Nd4Fe8O24,-2.674
Ba2Nd6Fe8O24,-3.17
Ba7Pr1Fe8O24,-1.969
Ba6Pr2Fe8O24,-2.141
Sm8Fe8O24,-3.981
Ba7Sm1Fe8O24,-2.005
Ba6Sm2Fe8O24,-2.217
Ba4Sm4Fe8O24,-2.752
Ba2Sm6Fe8O24,-3.271
Sr8Fe8O24,-2.245
Ba7Sr1Fe8O24,-1.806
Ba7Sr1Mn1Fe7O24,-1.744
Ba7Sr1Mn2Fe6O24,-1.752
Ba6Sr2Fe8O24,-1.872
Ba4Sr4Fe8O24,-1.981
Ba2Sr6Fe8O24,-2.109
Ba8Al8O24,-1.503
Ba8Al6Fe2O24,-1.111
Ba8Cu8O24,-1.158
Ba8Fe7Cu1O24,-1.504
Ba8Fe6Cu2O24,-1.288
Ba8Fe4Cu4O24,-1.053
Ba8Fe2Cu6O24,-0.925
Ba8Ga8O24,-1.181
Ba8Ga6Fe2O24,-0.864
Ba8Hf8O24,-1.517
Ba8Hf1Fe7O24,-1.763
Ba8Hf2Fe6O24,-2.079
Ba8Ir8O24,-2.789
Ba8Fe7Ir1O24,-1.839
Ba8Fe6Ir2O24,-2.101
Ba8Fe4Ir4O24,-2.095
Ba8Fe7Mo1O24,-1.955
Ba8Fe6Mo2O24,-2.325
Ba8Fe4Mo4O24,-3.077
Ba8Nb1Fe7O24,-1.864
Ba8Nb2Fe6O24,-2.055
Ba8Os8O24,-3.533
Ba8Fe7Os1O24,-2.001
Ba8Fe6Os2O24,-2.332
Ba8Fe4Os4O24,-2.719
Ba8Pd8O24,-1.694
Ba8Fe7Pd1O24,-1.651
Ba8Fe6Pd2O24,-1.62
Ba8Fe4Pd4O24,-1.421
Ba8Pt8O24,-2.2
Ba8Fe7Pt1O24,-1.698
Ba8Fe6Pt2O24,-1.726
Ba8Fe4Pt4O24,-1.671
Ba8Re8O24,-4.541
Ba8Fe7Re1O24,-2.123
Ba8Fe6Re2O24,-2.72
Ba8Fe4Re4O24,-3.427
Ba8Rh8O24,-2.073
Ba8Fe7Rh1O24,-1.733
Ba8Fe6Rh2O24,-1.737
Ba8Fe4Rh4O24,-1.842
Ba8Ru8O24,-2.764
Ba8Fe7Ru1O24,-1.783
Ba8Fe6Ru2O24,-1.852
Ba8Fe4Ru4O24,-1.923
Ba8Ta1Fe7O24,-1.84
Ba8Ta2Fe6O24,-2.17
Ba8Ta4Fe4O24,-2.097
Ba8Tc8O24,-3.576
Ba8Fe7Tc1O24,-2.061
Ba8Fe6Tc2O24,-2.305
Ba8Fe4Tc4O24,-2.729
Ba8Y8O24,-0.988
Ba8Zn8O24,-1.043
Ba8Zn1Fe7O24,-1.603
Ba8Zn2Fe6O24,-1.216
Ba8Zn4Fe4O24,-1.011
Ba8Zn6Fe2O24,-0.902
Ba8Zr8O24,-1.414
Ba8Zr1Fe7O24,-1.857
Ba8Zr2Fe6O24,-2.091
Ba8Zr3Fe5O24,-2.033
Ba8Zr6Fe2O24,-1.851
Ba8Fe8O24,-1.745
Ba8Zr6Fe1Co1O24,-1.745
Ba8Zr5Fe1Co2O24,-1.82
Ba8Zr3Fe1Co4O24,-1.88
Ba8Zr6Fe1Cu1O24,-1.66
Ba8Zr5Fe1Cu2O24,-1.091
Ba8Zr3Fe1Cu4O24,-1.131
Ba8Hf1Zr6Fe1O24,-1.656
Ba8Hf2Zr5Fe1O24,-1.634
Ba8Hf4Zr3Fe1O24,-1.629
Ba8Zr6Fe1Mo1O24,-3.211
Ba8Zr5Fe1Mo2O24,-3.361
Ba8Zr3Fe1Mo4O24,-3.59
Ba8Zr6Nb1Fe1O24,-3.018
Ba8Zr5Nb2Fe1O24,-3.526
Ba8Zr3Nb4Fe1O24,-3.873
Ba8Zr6Fe1Ni1O24,-1.706
Ba8Zr5Fe1Ni2O24,-1.357
Ba8Zr3Fe1Ni4O24,-1.245
Ba8Zr6Ta1Fe1O24,-2.394
Ba8Zr5Ta2Fe1O24,-3.876
Ba8Zr3Ta4Fe1O24,-4.414
Ba8Zr6Fe1W1O24,-3.734
Ba8Zr6Zn1Fe1O24,-1.25
Ba8Zr5Zn2Fe1O24,-0.96
Ba8Zr3Zn4Fe1O24,-0.92
Ba4Sr4Al8O24,-1.601
Ba4Sr4Al1Fe7O24,-1.906
Ba4Sr4Al2Fe6O24,-1.855
Ba4Sr4Al4Fe4O24,-1.491
Ba4Sr4Al6Fe2O24,-1.212
Ba4Sr4Cu8O24,-1.322
Ba4Sr4Fe7Cu1O24,-1.806
Ba4Sr4Fe6Cu2O24,-1.436
Ba4Sr4Fe4Cu4O24,-1.18
Ba4Sr4Fe2Cu6O24,-1.064
Ba4Sr4Ga8O24,-1.246
Ba4Sr4Ga1Fe7O24,-1.829
Ba4Sr4Ga2Fe6O24,-1.745
Ba4Sr4Ga6Fe2O24,-0.962
Ba4Sr4Zn8O24,-1.136
Ba4Sr4Zn1Fe7O24,-1.81
Ba4Sr4Zn4Fe4O24,-1.091
Ba4Sr4Zn6Fe2O24,-1.001
Ba2La6Co8O24,-2.955
Ba4La4Co8O24,-2.578
Ca2La6Co8O24,-3.015
Ca4La4Co8O24,-2.755
La6Dy2Co8O24,-3.309
La4Dy4Co8O24,-3.135
La6Gd2Co8O24,-3.31
La4Gd4Co8O24,-3.32
La6Ho2Co8O24,-3.273
La4Ho4Co8O24,-3.114
La6Nd2Co8O24,-3.27
La4Nd4Co8O24,-3.206
La6Sm2Co8O24,-3.273
La4Sm4Co8O24,-3.231
Sr2La6Co8O24,-3.016
Sr4La4Co8O24,-2.705
La8Cr1Co7O24,-3.356
La8Cr2Co6O24,-3.418
La8Fe1Co7O24,-3.297
La8Fe2Co6O24,-3.341
La8Mg1Co7O24,-3.108
La8Mg2Co6O24,-2.935
La8Mg4Co4O24,-2.524
La8Mn1Co7O24,-3.236
La8Mn2Co6O24,-3.313
La8Co7Ni1O24,-3.216
La8Co6Ni2O24,-3.163
La8Co4Ni4O24,-3.074
La8Co8O24,-3.178
Ba4La4Cr8O24,-3.193
Ca2La6Cr8O24,-3.539
Ca4La4Cr8O24,-3.308
La6Gd2Cr8O24,-4.075
La6Ho2Cr8O24,-4.344
La4Ho4Cr8O24,-3.958
La4Nd4Cr8O24,-3.988
La4Sm4Cr8O24,-3.965
La8Cr6Co2O24,-3.818
La8Cr4Co4O24,-3.719
La8Cr7Fe1O24,-3.893
La8Mg1Cr7O24,-3.571
La8Mn4Cr4O24,-3.875
La8Cr6Ni2O24,-3.454
La8Cr4Ni4O24,-3.209
La8Cr8O24,-4.382
Ba2La6Fe8O24,-3.515
Ba4La4Fe8O24,-2.939
Ca1La7Fe8O24,-3.697
Ca2La6Fe8O24,-3.619
Ca4La4Fe8O24,-3.106
La6Dy2Fe8O24,-3.881
La4Dy4Fe8O24,-3.758
La6Gd2Fe8O24,-3.87
La4Gd4Fe8O24,-3.832
La6Ho2Fe8O24,-3.857
La4Ho4Fe8O24,-3.761
La6Nd2Fe8O24,-3.904
La4Nd4Fe8O24,-3.794
La6Sm2Fe8O24,-3.874
La4Sm4Fe8O24,-3.781
Sr1La7Fe8O24,-3.702
Sr2La6Fe8O24,-3.59
Sr4La4Fe8O24,-3.159
La8Fe7Co1O24,-3.784
La8Fe6Co2O24,-3.641
La8Fe4Co4O24,-3.344
La8Cr1Fe7O24,-3.628
La8Cr2Fe6O24,-3.665
La8Mg1Fe7O24,-3.614
La8Mg2Fe6O24,-3.586
La8Mg4Fe4O24,-3.279
La8Mn1Fe7O24,-3.715
La8Mn2Fe6O24,-3.877
La8Mn4Fe4O24,-4.007
La8Fe7Ni1O24,-3.738
La8Fe6Ni2O24,-3.391
La8Fe4Ni4O24,-3.228
La8Fe8O24,-3.918
Ba2La6Ga8O24,-1.88
Ba4La4Ga8O24,-1.748
Ca2La6Ga8O24,-1.826
Ca4La4Ga8O24,-1.679
La6Dy2Ga8O24,-2.126
La4Dy4Ga8O24,-1.889
La6Gd2Ga8O24,-2.127
La4Gd4Ga8O24,-2.056
La6Ho2Ga8O24,-2.137
La4Ho4Ga8O24,-1.879
La6Nd2Ga8O24,-2.109
La4Nd4Ga8O24,-1.847
La6Sm2Ga8O24,-2.12
La4Sm4Ga8O24,-1.831
Sr2La6Ga8O24,-1.855
Sr4La4Ga8O24,-1.748
La8Ga7Co1O24,-3.318
La8Ga6Co2O24,-3.379
La8Ga4Co4O24,-3.414
La8Cr1Ga7O24,-3.702
La8Cr2Ga6O24,-3.815
La8Mn4Ga4O24,-3.882
La8Ga7Fe1O24,-3.094
La8Ga4Fe4O24,-3.977
La8Mg1Ga7O24,-1.838
La8Mg2Ga6O24,-1.773
La8Mg4Ga4O24,-1.671
La8Mn1Ga7O24,-4.821
La8Mn2Ga6O24,-4.069
La8Ga7Ni1O24,-3.125
La8Ga6Ni2O24,-3.168
La8Ga4Ni4O24,-3.132
La8Ga8O24,-2.136
Ba2La6Mn8O24,-3.667
Ca2La6Mn8O24,-3.765
Ca4La4Mn8O24,-3.28
La6Dy2Mn8O24,-4.019
La4Dy4Mn8O24,-3.928
La6Gd2Mn8O24,-4.02
La4Gd4Mn8O24,-4.006
La6Ho2Mn8O24,-4.001
La6Nd2Mn8O24,-4.025
La4Nd4Mn8O24,-3.921
La6Sm2Mn8O24,-4.016
La4Sm4Mn8O24,-3.934
Sr2La6Mn8O24,-3.74
Sr3La5Mn8O24,-3.384
Sr4La4Mn8O24,-3.137
La8Mn7Co1O24,-3.973
La8Mn6Co2O24,-3.875
La8Mn4Co4O24,-3.493
La8Mn7Cr1O24,-4.036
La8Mn6Cr2O24,-4.002
La8Mn7Fe1O24,-4.034
La8Mn6Fe2O24,-3.866
La8Mg1Mn7O24,-3.928
La8Mg2Mn6O24,-3.921
La8Mg4Mn4O24,-2.468
La8Mn7Ni1O24,-4.029
La8Mn6Ni2O24,-3.894
La8Mn4Ni4O24,-3.053
La8Mn8O24,-4.046
Ba2La6Ni8O24,-2.446
Ba4La4Ni8O24,-1.93
Ca2La6Ni8O24,-2.603
Ca4La4Ni8O24,-2.177
La6Dy2Ni8O24,-2.945
La4Dy4Ni8O24,-2.831
La6Gd2Ni8O24,-2.943
La6Ho2Ni8O24,-2.953
La4Ho4Ni8O24,-2.862
La6Nd2Ni8O24,-2.886
La4Nd4Ni8O24,-2.711
La6Sm2Ni8O24,-2.91
La4Sm4Ni8O24,-2.739
Sr2La6Ni8O24,-2.538
Sr4La4Ni8O24,-1.95
La8Co1Ni7O24,-2.944
La8Co2Ni6O24,-3.003
La8Cr1Ni7O24,-3.089
La8Cr2Ni6O24,-3.191
La8Fe1Ni7O24,-3.044
La8Fe2Ni6O24,-3.224
La8Mg1Ni7O24,-2.773
La8Mg2Ni6O24,-2.645
La8Mg4Ni4O24,-2.1
La8Mn1Ni7O24,-3.002
La8Mn2Ni6O24,-3.029
La8Ni8O24,-2.88
Ba2La6Sc8O24,-1.452
Ba4La4Sc8O24,-1.436
Ca2La6Sc8O24,-1.405
Ca4La4Sc8O24,-1.361
La6Dy2Sc8O24,-1.727
La4Dy4Sc8O24,-1.657
La6Gd2Sc8O24,-1.717
La4Gd4Sc8O24,-1.714
La6Ho2Sc8O24,-1.73
La4Ho4Sc8O24,-1.676
La6Nd2Sc8O24,-1.703
La4Nd4Sc8O24,-1.636
La6Sm2Sc8O24,-1.706
La4Sm4Sc8O24,-1.642
Sr2La6Sc8O24,-1.419
Sr4La4Sc8O24,-1.387
La8Sc7Co1O24,-2.865
La8Sc6Co2O24,-3.037
La8Sc4Co4O24,-3.291
La8Sc7Cr1O24,-3.296
La8Sc6Cr2O24,-3.457
La8Sc4Cr4O24,-3.764
La8Sc7Fe1O24,-3.591
La8Sc6Fe2O24,-3.685
La8Sc4Fe4O24,-3.913
La8Mg1Sc7O24,-1.455
La8Mg2Sc6O24,-1.457
La8Mg4Sc4O24,-1.447
La8Sc7Mn1O24,-3.639
La8Sc6Mn2O24,-3.721
La8Sc4Mn4O24,-3.573
La8Sc7Ni1O24,-2.634
La8Sc6Ni2O24,-2.766
La8Sc4Ni4O24,-2.938
La8Sc8O24,-1.716
Ba2La6Ti8O24,-5.215
Ba4La4Ti8O24,-4.87
Ca2La6Ti8O24,-5.289
Ca4La4Ti8O24,-5.013
La6Dy2Ti8O24,-5.496
La4Dy4Ti8O24,-5.385
La6Gd2Ti8O24,-5.465
La4Gd4Ti8O24,-5.447
La6Ho2Ti8O24,-5.478
La4Ho4Ti8O24,-5.374
La6Nd2Ti8O24,-5.463
La4Nd4Ti8O24,-5.511
La6Sm2Ti8O24,-5.481
La4Sm4Ti8O24,-5.498
Sr2La6Ti8O24,-5.269
Sr4La4Ti8O24,-4.984
La8Ti7Co1O24,-5.244
La8Ti6Co2O24,-5.006
La8Ti4Co4O24,-3.668
La8Ti7Cr1O24,-5.436
La8Ti6Cr2O24,-5.407
La8Ti4Cr4O24,-5.227
La8Ti7Fe1O24,-5.296
La8Ti6Fe2O24,-5.118
La8Ti4Fe4O24,-4.637
La8Mg1Ti7O24,-5.299
La8Mg2Ti6O24,-5.085
La8Mg4Ti4O24,-1.865
La8Ti7Mn1O24,-5.294
La8Ti6Mn2O24,-5.082
La8Ti4Mn4O24,-4.201
La8Ti7Ni1O24,-5.235
La8Ti6Ni2O24,-4.99
La8Ti4Ni4O24,-3.156
La8Ti8O24,-5.48
Ba2La6V8O24,-4.538
Ba4La4V8O24,-4.233
Ca2La6V8O24,-4.584
Ca4La4V8O24,-4.342
La6Dy2V8O24,-4.717
La4Dy4V8O24,-4.667
La6Gd2V8O24,-4.786
La4Gd4V8O24,-4.699
La6Ho2V8O24,-4.695
La4Ho4V8O24,-4.678
La6Nd2V8O24,-4.722
La6Sm2V8O24,-4.725
La4Sm4V8O24,-4.662
Sr2La6V8O24,-4.598
Sr4La4V8O24,-4.377
La8V7Co1O24,-4.634
La8V6Co2O24,-4.482
La8V4Co4O24,-4.144
La8V7Cr1O24,-4.752
La8V6Cr2O24,-4.693
La8V4Cr4O24,-4.6
La8V7Fe1O24,-4.692
La8V6Fe2O24,-4.643
La8V4Fe4O24,-4.522
La8Mg1V7O24,-4.622
La8Mg2V6O24,-4.425
La8Mg4V4O24,-4.066
La8Mn1V7O24,-4.63
La8Mn2V6O24,-4.456
La8Mn4V4O24,-4.253
La8V7Ni1O24,-4.614
La8V6Ni2O24,-4.407
La8V4Ni4O24,-4.093
Sr1La7Mg2Ga6O24,-1.744
Ba4Ce4Mn8O24,-3.219
Ba4Dy4Mn8O24,-2.344
Ba4Er4Mn8O24,-2.345
Ba4Gd4Mn8O24,-2.534
Ba4Ho4Mn8O24,-2.345
Ba4La4Mn8O24,-2.705
Ba4Nd4Mn8O24,-2.24
Ba4Pr4Mn8O24,-2.309
Ba4Sm4Mn8O24,-2.267
Ba4Y4Mn8O24,-2.334
Ba4Pr4Mn6Co2O24,-2.21
Ba4Pr4Mn6Cu2O24,-2.008
Ba4Pr4Mn6Fe2O24,-2.456
Ba4Pr4Mn6Ni2O24,-2.084
Ba4Sr4Fe2Co5Nb1O24,-1.963
Ba4Sr4Fe2Co5Y1O24,-1.793
Ba4Sr4Fe2Co5Zr1O24,-1.798
Ba4Sr4Fe2Co6O24,-1.849
Ba4Sr4Nb1Fe7O24,-2.114
Ba4Sr4Zn2Fe6O24,-1.338
Ba8Fe3Co3Zr2O24,-1.825
Ba8Fe3Co3Y1Zr1O24,-1.594
Ba7Cd1Hf1Zr6Fe1O24,-1.62
Ba6Cd2Hf1Zr6Fe1O24,-1.876
Ba4Cd4Hf1Zr6Fe1O24,-1.72
Ba7Sn1Hf1Zr6Fe1O24,-1.575
Ba6Sn2Hf1Zr6Fe1O24,-2.13
Ba4Sn4Hf1Zr6Fe1O24,-1.886
Ba7Bi1Fe8O24,-1.934
Ba6Bi2Fe8O24,-2.013
Ba4Bi4Fe8O24,-2.35
Ba7Cd1Fe8O24,-1.825
Ba6Cd2Fe8O24,-1.849
Ba4Cd4Fe8O24,-1.909
Ba7Sn1Fe8O24,-1.884
Ba6Sn2Fe8O24,-1.94
Ba4Sn4Fe8O24,-1.912
Ba7Bi1Zr7Fe1O24,-1.856
Ba6Bi2Zr7Fe1O24,-3.506
Ba4Bi4Zr7Fe1O24,-3.153
Ba7Cd1Zr7Fe1O24,-1.651
Ba6Cd2Zr7Fe1O24,-1.489
Ba4Cd4Zr7Fe1O24,-1.453
Ba7Sn1Zr7Fe1O24,-1.597
Ba6Sn2Zr7Fe1O24,-1.474
Ba4Sn4Zr7Fe1O24,-1.865
Bi4Sr4Fe8O24,-2.661
Bi1Ba3Sr4Fe2Co6O24,-1.963
Bi2Ba2Sr4Fe2Co6O24,-2.083
Bi4Sr4Fe2Co6O24,-2.193
La2Sr6Cr2Fe6O24,-2.779
Ba6La2Mn2Fe6O24,-2.294
Ba6La2Mn2Zr1Fe5O24,-2.343
Ba8Fe2Nb1Co5O24,-1.958
Ba8Cr8O24,-2.322
Ba8Ti8O24,-1.876
Ba8V8O24,-3.244
Ca8Cr8O24,-2.745
Ca8Ti8O24,-1.754
Ca8V8O24,-3.851
Sr8Cr8O24,-2.712
Sr8Ti8O24,-2.097
Ba4Gd4Co8O24,-2.395
Ba6La2Fe6Co2O24,-2.27
La5Ca3Fe6Co2O24,-3.191
La5Sr3Fe6Co2O24,-3.212
La5Sr3Co6Fe2O24,-2.935
La5Sr3Fe6Cu2O24,-2.993
Ba6Bi1La1Fe8O24,-2.188
Ba5Bi2La1Fe8O24,-2.382
Ba3Bi4La1Fe8O24,-2.753
Ba6Cd1La1Fe8O24,-2.137
Ba5Cd2La1Fe8O24,-2.214
Ba3Cd4La1Fe8O24,-2.2
Ba6Sn1La1Fe8O24,-2.145
Ba5Sn2La1Fe8O24,-2.151
Ba3Sn4La1Fe8O24,-2.771
Ba3Bi1Pr4Co8O24,-2.205
Ba2Bi2Pr4Co8O24,-2.318
Bi4Pr4Co8O24,-2.314
Ba3Cd1Pr4Ni8O24,-1.386
Ba2Cd2Pr4Ni8O24,-1.368
Cd4Pr4Ni8O24,-1.381
Ba3Sn1Pr4Ni8O24,-1.615
Ba2Sn2Pr4Ni8O24,-1.906
Sn4Pr4Ni8O24,-2.321
Sr8Fe2Co6O24,-2.015
Sr8Nb1Fe7O24,-2.338
Sr8Sc2Co6O24,-1.757
Pr1Ba1Ba1Pr1Ba1Pr1Pr1Ba1Hf6Fe2O24,-3.347
Pr1Ba1Ba1Pr1Ba1Pr1Pr1Ba1Hf7Fe1O24,-4.996
Pr1Ba1Ba1Pr1Ba1Pr1Pr1Ba1Ta7Co1O24,-5.285
Pr1Ba1Ba1Pr1Ba1Pr1Pr1Ba1Zr6Fe2O24,-3.277
Pr1Ba1Ba1Pr1Ba1Pr1Pr1Ba1Zr7Fe1O24,-4.73
Pr1Ba1Ba1Pr1Ba1Pr1Pr1Ba1Hf4Fe4O24,-3.366
Pr1Ba1Ba1Pr1Ba1Pr1Pr1Ba1Zr4Fe4O24,-4.33
Pr1Ba1Ba1Pr1Ba1Pr1Pr1Ba1Ta7Fe1O24,-5.243
Pr1Ba1Ba1Pr1Ba1Pr1Pr1Ba1Ta7Ni1O24,-5.228
Ba2Pr6Co8O24,-2.4
Ba4Pr4Co8O24,-2.163
Ca2Pr6Co8O24,-2.53
Ca4Pr4Co8O24,-2.38
Pr6Dy2Co8O24,-2.678
Pr4Dy4Co8O24,-2.74
Pr6Gd2Co8O24,-2.832
Pr4Gd4Co8O24,-2.9
Pr6Ho2Co8O24,-2.615
Pr4Ho4Co8O24,-2.638
Pr6Nd2Co8O24,-2.672
Pr4Nd4Co8O24,-2.724
Pr6Sm2Co8O24,-2.699
Pr4Sm4Co8O24,-2.727
Sr4Sm4Co8O24,-2.254
Sr2Pr6Co8O24,-2.448
Sr4Pr4Co8O24,-2.254
Pr8Cr1Co7O24,-2.741
Pr8Cr2Co6O24,-2.803
Pr8Cr4Co4O24,-3.204
Pr8Fe1Co7O24,-2.683
Pr8Fe2Co6O24,-2.746
Pr8Fe4Co4O24,-2.825
Pr8Mg1Co7O24,-2.482
Pr8Mg2Co6O24,-2.252
Pr8Mg4Co4O24,-1.794
Pr8Mn1Co7O24,-2.692
Pr8Mn2Co6O24,-2.767
Pr8Co7Ni1O24,-2.574
Pr8Co6Ni2O24,-2.511
Pr8Co4Ni4O24,-2.341
Pr8Co8O24,-2.727
Ba2Pr6Cr8O24,-2.961
Ba4Pr4Cr8O24,-2.662
Ca2Pr6Cr8O24,-3.066
Ca4Pr4Cr8O24,-2.97
Pr6Dy2Cr8O24,-3.563
Pr4Dy4Cr8O24,-3.547
Pr6Gd2Cr8O24,-3.623
Pr4Gd4Cr8O24,-3.735
Pr6Ho2Cr8O24,-3.556
Pr4Ho4Cr8O24,-3.546
Pr6Nd2Cr8O24,-3.564
Pr4Nd4Cr8O24,-3.579
Pr6Sm2Cr8O24,-3.574
Pr4Sm4Cr8O24,-3.57
Sr2Pr6Cr8O24,-3.008
Sr4Pr4Cr8O24,-2.805
Pr8Cr7Co1O24,-3.329
Pr8Cr6Co2O24,-3.318
Pr8Cr7Fe1O24,-3.335
Pr8Cr6Fe2O24,-3.284
Pr8Mg1Cr7O24,-3.027
Pr8Mg2Cr6O24,-2.812
Pr8Mg4Cr4O24,-2.328
Pr8Mn1Cr7O24,-3.453
Pr8Mn2Cr6O24,-3.459
Pr8Mn4Cr4O24,-3.368
Pr8Cr7Ni1O24,-3.051
Pr8Cr6Ni2O24,-2.898
Pr8Cr4Ni4O24,-2.557
Pr8Cr8O24,-3.565
Ba2Pr6Fe8O24,-3
Ba4Pr4Fe8O24,-2.51
Ca2Pr6Fe8O24,-3.13
Ca4Pr4Fe8O24,-2.784
Pr6Dy2Fe8O24,-3.337
Pr4Dy4Fe8O24,-3.319
Pr6Gd2Fe8O24,-3.428
Pr4Gd4Fe8O24,-3.467
Pr6Ho2Fe8O24,-3.326
Pr4Ho4Fe8O24,-3.318
Pr6Nd2Fe8O24,-3.362
Pr4Nd4Fe8O24,-3.356
Pr6Sm2Fe8O24,-3.351
Pr4Sm4Fe8O24,-3.342
Sr2Pr6Fe8O24,-3.045
Sr4Pr4Fe8O24,-2.663
Pr8Fe7Co1O24,-3.166
Pr8Fe6Co2O24,-3.07
Pr8Cr1Fe7O24,-3.195
Pr8Cr2Fe6O24,-3.101
Pr8Cr4Fe4O24,-3.377
Pr8Mg1Fe7O24,-3.164
Pr8Mg2Fe6O24,-2.839
Pr8Mg4Fe4O24,-2.577
Pr8Mn1Fe7O24,-3.32
Pr8Mn2Fe6O24,-3.294
Pr8Fe7Ni1O24,-3.027
Pr8Fe6Ni2O24,-2.806
Pr8Fe4Ni4O24,-2.76
Pr8Fe8O24,-3.365
Ba2Pr6Ga8O24,-1.206
Ba4Pr4Ga8O24,-1.168
Ca2Pr6Ga8O24,-1.174
Ca4Pr4Ga8O24,-1.203
Pr6Dy2Ga8O24,-1.336
Pr4Dy4Ga8O24,-1.244
Pr6Gd2Ga8O24,-1.467
Pr4Gd4Ga8O24,-1.526
Pr6Ho2Ga8O24,-1.354
Pr4Ho4Ga8O24,-1.245
Pr6Nd2Ga8O24,-1.346
Pr4Nd4Ga8O24,-1.225
Pr6Sm2Ga8O24,-1.336
Pr4Sm4Ga8O24,-1.216
Sr2Pr6Ga8O24,-1.151
Sr4Pr4Ga8O24,-1.15
Pr8Ga7Co1O24,-2.238
Pr8Ga6Co2O24,-2.443
Pr8Ga4Co4O24,-2.608
Pr8Cr1Ga7O24,-2.628
Pr8Cr2Ga6O24,-2.879
Pr8Cr4Ga4O24,-3.065
Pr8Ga7Fe1O24,-2.953
Pr8Ga6Fe2O24,-3.037
Pr8Ga4Fe4O24,-3.152
Pr8Mg1Ga7O24,-1.152
Pr8Mg2Ga6O24,-1.14
Pr8Mg4Ga4O24,-1.114
Pr8Mn1Ga7O24,-2.972
Pr8Mn2Ga6O24,-3.044
Pr8Mn4Ga4O24,-3.189
Pr8Ga7Ni1O24,-1.98
Pr8Ga6Ni2O24,-2.049
Pr8Ga4Ni4O24,-2.2
Pr8Ga8O24,-1.449
Ba2Pr6Mn8O24,-3.157
Ca2Pr6Mn8O24,-3.283
Ca4Pr4Mn8O24,-2.965
Pr6Dy2Mn8O24,-3.503
Pr4Dy4Mn8O24,-3.541
Pr6Gd2Mn8O24,-3.587
Pr4Gd4Mn8O24,-3.716
Pr6Ho2Mn8O24,-3.504
Pr4Ho4Mn8O24,-3.538
Pr6Nd2Mn8O24,-3.525
Pr4Nd4Mn8O24,-3.519
Pr6Sm2Mn8O24,-3.519
Pr4Sm4Mn8O24,-3.508
Sr2Pr6Mn8O24,-3.215
Sr4Pr4Mn8O24,-2.715
Pr8Mn7Co1O24,-3.441
Pr8Mn6Co2O24,-3.368
Pr8Mn4Co4O24,-2.951
Pr8Mn7Cr1O24,-3.49
Pr8Mn6Cr2O24,-3.47
Pr8Mn7Fe1O24,-3.535
Pr8Mn6Fe2O24,-3.572
Pr8Mn4Fe4O24,-3.589
Pr8Mg1Mn7O24,-3.468
Pr8Mg2Mn6O24,-3.309
Pr8Mg4Mn4O24,-1.725
Pr8Mn7Ni1O24,-3.476
Pr8Mn6Ni2O24,-3.307
Pr8Mn4Ni4O24,-2.463
Pr8Mn8O24,-3.52
Ba2Pr6Ni8O24,-1.764
Ba4Pr4Ni8O24,-1.377
Ca2Pr6Ni8O24,-1.982
Ca4Pr4Ni8O24,-1.778
Pr6Dy2Ni8O24,-2.184
Pr4Dy4Ni8O24,-2.205
Pr6Gd2Ni8O24,-2.304
Pr4Gd4Ni8O24,-2.49
Pr6Ho2Ni8O24,-2.168
Pr4Ho4Ni8O24,-2.216
Pr6Nd2Ni8O24,-2.141
Pr4Nd4Ni8O24,-2.151
Pr6Sm2Ni8O24,-2.158
Pr4Sm4Ni8O24,-2.19
Sr2Pr6Ni8O24,-1.854
Sr4Pr4Ni8O24,-1.497
Pr8Co1Ni7O24,-2.194
Pr8Co2Ni6O24,-2.268
Pr8Cr1Ni7O24,-2.284
Pr8Cr2Ni6O24,-2.395
Pr8Fe1Ni7O24,-2.348
Pr8Fe2Ni6O24,-2.487
Pr8Mg1Ni7O24,-1.99
Pr8Mg2Ni6O24,-1.884
Pr8Mg4Ni4O24,-1.306
Pr8Mn1Ni7O24,-2.229
Pr8Mn2Ni6O24,-2.276
Pr8Ni8O24,-2.13
Ba2Pr6Sc8O24,-1.195
Ba4Pr4Sc8O24,-1.186
Ca2Pr6Sc8O24,-1.128
Ca4Pr4Sc8O24,-1.117
Pr6Dy2Sc8O24,-1.42
Pr4Dy4Sc8O24,-1.393
Pr6Gd2Sc8O24,-1.461
Pr4Gd4Sc8O24,-1.518
Pr6Ho2Sc8O24,-1.407
Pr4Ho4Sc8O24,-1.396
Pr6Nd2Sc8O24,-1.382
Pr4Nd4Sc8O24,-1.352
Pr6Sm2Sc8O24,-1.381
Pr4Sm4Sc8O24,-1.355
Sr2Pr6Sc8O24,-1.143
Sr4Pr4Sc8O24,-1.131
Pr8Sc7Co1O24,-2.456
Pr8Sc6Co2O24,-2.571
Pr8Sc4Co4O24,-2.82
Pr8Sc7Cr1O24,-2.812
Pr8Sc6Cr2O24,-3
Pr8Sc4Cr4O24,-3.231
Pr8Sc7Fe1O24,-3.128
Pr8Sc6Fe2O24,-3.225
Pr8Sc4Fe4O24,-3.411
Pr8Mg1Sc7O24,-1.161
Pr8Mg2Sc6O24,-1.142
Pr8Mg4Sc4O24,-1.119
Pr8Sc7Mn1O24,-3.17
Pr8Sc6Mn2O24,-3.228
Pr8Sc4Mn4O24,-3.15
Pr8Sc7Ni1O24,-2.141
Pr8Sc6Ni2O24,-2.246
Pr8Sc4Ni4O24,-2.358
Pr8Sc8O24,-1.443
Ba2Pr6Ti8O24,-5.125
Ba4Pr4Ti8O24,-4.726
Ca2Pr6Ti8O24,-5.27
Ca4Pr4Ti8O24,-4.985
Pr6Dy2Ti8O24,-5.389
Pr4Dy4Ti8O24,-5.326
Pr6Gd2Ti8O24,-5.521
Pr4Gd4Ti8O24,-5.488
Pr6Ho2Ti8O24,-5.389
Pr4Ho4Ti8O24,-5.327
Pr6Nd2Ti8O24,-5.517
Pr4Nd4Ti8O24,-5.381
Pr6Sm2Ti8O24,-5.539
Pr4Sm4Ti8O24,-5.329
Sr2Pr6Ti8O24,-5.212
Sr4Pr4Ti8O24,-4.887
Pr8Ti7Co1O24,-4.928
Pr8Ti6Co2O24,-4.571
Pr8Ti4Co4O24,-3.396
Pr8Ti7Cr1O24,-5.01
Pr8Ti6Cr2O24,-4.873
Pr8Ti4Cr4O24,-4.857
Pr8Ti7Fe1O24,-5.027
Pr8Ti6Fe2O24,-4.624
Pr8Ti4Fe4O24,-4.294
Pr8Mg1Ti7O24,-5.298
Pr8Mg2Ti6O24,-4.894
Pr8Mg4Ti4O24,-1.724
Pr8Ti7Mn1O24,-4.97
Pr8Ti6Mn2O24,-4.652
Pr8Ti4Mn4O24,-4.027
Pr8Ti7Ni1O24,-4.904
Pr8Ti6Ni2O24,-4.509
Pr8Ti4Ni4O24,-2.792
Ba4Pr4V8O24,-3.7
Pr6Dy2V8O24,-4.209
Pr4Dy4V8O24,-4.255
Pr6Gd2V8O24,-4.495
Pr4Gd4V8O24,-4.606
Pr6Ho2V8O24,-4.189
Pr4Ho4V8O24,-4.252
Pr6Nd2V8O24,-4.387
Pr4Nd4V8O24,-4.39
Pr6Sm2V8O24,-4.392
Pr4Sm4V8O24,-4.401
Sr2Pr6V8O24,-4.156
Pr8V7Co1O24,-4.215
Pr8V6Co2O24,-4.119
Pr8V4Co4O24,-3.669
Pr8V7Cr1O24,-4.323
Pr8V6Cr2O24,-4.144
Pr8V4Cr4O24,-4.15
Pr8V7Fe1O24,-4.243
Pr8V6Fe2O24,-4.217
Pr8V4Fe4O24,-3.949
Pr8Mg1V7O24,-4.198
Pr8Mg2V6O24,-3.809
Pr8Mg4V4O24,-3.393
Pr8Mn1V7O24,-4.094
Pr8Mn2V6O24,-3.965
Pr8Mn4V4O24,-3.806
Pr8V7Ni1O24,-4.183
Pr8V6Ni2O24,-3.834
Pr8V4Ni4O24,-3.512
Ba8Fe1Co7O24,-1.882
Ba8Fe2Co6O24,-1.81
Ba8Mn1Co7O24,-1.723
Ba8Mn2Co6O24,-1.724
Ba8Co7Ni1O24,-1.705
Ba8Co6Ni2O24,-1.63
Ba8Co4Ni4O24,-1.381
Ba8Mn7Co1O24,-1.58
Ba8Mn6Co2O24,-1.594
Ba8Mn4Co4O24,-1.504
Ba8Mn7Fe1O24,-1.534
Ba8Mn6Fe2O24,-1.512
Ba8Mn7Ni1O24,-1.521
Ba8Mn6Ni2O24,-1.46
Ba8Ni7Co1O24,-1.164
Ba8Ni6Co2O24,-1.262
Ba8Ni4Co4O24,-1.309
Ba8Fe1Ni7O24,-1.168
Ba8Fe2Ni6O24,-1.22
Ba8Mn1Ni7O24,-1.158
Ba8Mn2Ni6O24,-1.209
Ba8Mn4Ni4O24,-1.137
Ca8Fe1Co7O24,-2.219
Ca8Fe2Co6O24,-2.374
Ca8Mn1Co7O24,-1.913
Ca8Mn2Co6O24,-2.256
Ca8Co7Ni1O24,-2.101
Ca8Co6Ni2O24,-2.193
Ca8Co4Ni4O24,-2.052
Ca8Mn7Co1O24,-2.196
Ca8Mn6Co2O24,-2.187
Ca8Mn4Co4O24,-2.173
Ca8Mn7Fe1O24,-2.224
Ca8Mn6Fe2O24,-2.218
Ca8Mn7Ni1O24,-2.136
Ca8Mn6Ni2O24,-2.086
Ca8Mn4Ni4O24,-1.967
Ca8Ni7Co1O24,-1.9
Ca8Ni6Co2O24,-1.955
Ca8Ni4Co4O24,-2.045
Ca8Fe1Ni7O24,-1.767
Ca8Fe2Ni6O24,-1.929
Ca8Mn1Ni7O24,-1.865
Ca8Mn2Ni6O24,-1.887
Sr8Fe1Co7O24,-2.035
Sr8Mn1Co7O24,-1.962
Sr8Mn2Co6O24,-1.902
Sr8Mn4Co4O24,-1.79
Sr8Co7Ni1O24,-1.916
Sr8Co6Ni2O24,-1.838
Sr8Co4Ni4O24,-1.666
Sr8Mn7Co1O24,-1.817
Sr8Mn6Co2O24,-1.806
Sr8Mn7Fe1O24,-1.789
Sr8Mn6Fe2O24,-1.793
Sr8Mn7Ni1O24,-1.761
Sr8Mn6Ni2O24,-1.705
Sr8Mn4Ni4O24,-1.571
Sr8Ni7Co1O24,-1.45
Sr8Ni6Co2O24,-1.542
Sr8Ni4Co4O24,-1.661
Sr8Fe1Ni7O24,-1.46
Sr8Fe2Ni6O24,-1.52
Sr8Mn1Ni7O24,-1.433
Sr8Mn2Ni6O24,-1.465
Ca4Ba4Fe1Co7O24,-2.077
La4Ba4Fe1Co7O24,-2.663
Pr4Ba4Fe1Co7O24,-2.261
Sr4Ba4Fe1Co7O24,-1.872
Y4Ba4Fe1Co7O24,-2.169
Ca4Ba4Fe2Co6O24,-2.07
La4Ba4Fe2Co6O24,-2.767
Pr4Ba4Fe2Co6O24,-2.35
Sr4Ba4Fe2Co6O24,-1.849
Y4Ba4Fe2Co6O24,-2.285
Ca4Ba4Mn1Co7O24,-1.999
La4Ba4Mn1Co7O24,-2.656
Pr4Ba4Mn1Co7O24,-2.265
Sr4Ba4Mn1Co7O24,-1.799
Y4Ba4Mn1Co7O24,-2.206
Ca4Ba4Mn2Co6O24,-1.931
La4Ba4Mn2Co6O24,-2.641
Pr4Ba4Mn2Co6O24,-2.242
Sr4Ba4Mn2Co6O24,-1.816
Y4Ba4Mn2Co6O24,-2.156
La4Ba4Mn4Co4O24,-2.601
Pr4Ba4Mn4Co4O24,-2.103
Ca4Ba4Co7Ni1O24,-1.973
La4Ba4Co7Ni1O24,-2.606
Pr4Ba4Co7Ni1O24,-2.186
Sr4Ba4Co7Ni1O24,-1.779
Y4Ba4Co7Ni1O24,-2.155
Ca4Ba4Co6Ni2O24,-1.914
La4Ba4Co6Ni2O24,-2.528
Pr4Ba4Co6Ni2O24,-2.101
Sr4Ba4Co6Ni2O24,-1.705
Y4Ba4Co6Ni2O24,-2.063
Ca4Ba4Co4Ni4O24,-1.747
La4Ba4Co4Ni4O24,-2.412
Pr4Ba4Co4Ni4O24,-1.847
Sr4Ba4Co4Ni4O24,-1.521
Y4Ba4Co4Ni4O24,-1.892
Ca4Ba4Mn7Co1O24,-1.881
La4Ba4Mn7Co1O24,-2.829
Pr4Ba4Mn7Co1O24,-2.392
Sr4Ba4Mn7Co1O24,-1.687
Y4Ba4Mn7Co1O24,-2.429
Ca4Ba4Mn6Co2O24,-1.869
La4Ba4Mn6Co2O24,-2.719
Pr4Ba4Mn6Co2O24,-2.302
Sr4Ba4Mn6Co2O24,-1.783
Y4Ba4Mn6Co2O24,-2.396
Ca4Ba4Mn4Co4O24,-1.806
Sr4Ba4Mn4Co4O24,-1.688
Y4Ba4Mn4Co4O24,-2.217
Ca4Ba4Mn7Fe1O24,-1.852
La4Ba4Mn7Fe1O24,-3.058
Pr4Ba4Mn7Fe1O24,-2.385
Sr4Ba4Mn7Fe1O24,-1.662
Y4Ba4Mn7Fe1O24,-2.572
Ca4Ba4Mn6Fe2O24,-1.842
La4Ba4Mn6Fe2O24,-2.819
Pr4Ba4Mn6Fe2O24,-2.394
Sr4Ba4Mn6Fe2O24,-1.644
Y4Ba4Mn6Fe2O24,-2.576
Ca4Ba4Mn7Ni1O24,-1.839
La4Ba4Mn7Ni1O24,-2.679
Pr4Ba4Mn7Ni1O24,-2.272
Sr4Ba4Mn7Ni1O24,-1.657
Y4Ba4Mn7Ni1O24,-2.454
Ca4Ba4Mn6Ni2O24,-1.802
La4Ba4Mn6Ni2O24,-2.582
Pr4Ba4Mn6Ni2O24,-2.155
Sr4Ba4Mn6Ni2O24,-1.6
Y4Ba4Mn6Ni2O24,-2.308
La4Ba4Mn4Ni4O24,-2.117
Pr4Ba4Mn4Ni4O24,-1.693
Y4Ba4Mn4Ni4O24,-1.837
Ca4Ba4Ni7Co1O24,-1.516
La4Ba4Ni7Co1O24,-2.046
Pr4Ba4Ni7Co1O24,-1.562
Sr4Ba4Ni7Co1O24,-1.301
Y4Ba4Ni7Co1O24,-1.701
Ca4Ba4Ni6Co2O24,-1.619
La4Ba4Ni6Co2O24,-2.143
Pr4Ba4Ni6Co2O24,-1.665
Sr4Ba4Ni6Co2O24,-1.404
Y4Ba4Ni6Co2O24,-1.664
Ca4Ba4Ni4Co4O24,-1.747
La4Ba4Ni4Co4O24,-2.406
Pr4Ba4Ni4Co4O24,-1.954
Sr4Ba4Ni4Co4O24,-1.521
Y4Ba4Ni4Co4O24,-1.904
Ca4Ba4Fe1Ni7O24,-1.526
La4Ba4Fe1Ni7O24,-2.052
Pr4Ba4Fe1Ni7O24,-1.575
Sr4Ba4Fe1Ni7O24,-1.308
Y4Ba4Fe1Ni7O24,-1.7
Ca4Ba4Fe2Ni6O24,-1.587
La4Ba4Fe2Ni6O24,-2.126
Pr4Ba4Fe2Ni6O24,-1.638
Sr4Ba4Fe2Ni6O24,-1.368
Y4Ba4Fe2Ni6O24,-1.741
Ca4Ba4Mn1Ni7O24,-1.531
La4Ba4Mn1Ni7O24,-1.994
Pr4Ba4Mn1Ni7O24,-1.526
Sr4Ba4Mn1Ni7O24,-1.286
Y4Ba4Mn1Ni7O24,-1.674
Ca4Ba4Mn2Ni6O24,-1.563
La4Ba4Mn2Ni6O24,-2.037
Pr4Ba4Mn2Ni6O24,-1.58
Sr4Ba4Mn2Ni6O24,-1.341
Y4Ba4Mn2Ni6O24,-1.75
Ca4Ba4Mn4Ni4O24,-1.72
Sr4Ba4Mn4Ni4O24,-1.455
Ba4Ca4Fe1Co7O24,-2.049
La4Ca4Fe1Co7O24,-2.768
Pr4Ca4Fe1Co7O24,-2.412
Sr4Ca4Fe1Co7O24,-2.15
Y4Ca4Fe1Co7O24,-2.447
Ba4Ca4Fe2Co6O24,-2.075
La4Ca4Fe2Co6O24,-3.046
Pr4Ca4Fe2Co6O24,-2.772
Sr4Ca4Fe2Co6O24,-2.222
Y4Ca4Fe2Co6O24,-2.529
Ba4Ca4Mn1Co7O24,-1.97
La4Ca4Mn1Co7O24,-2.761
Pr4Ca4Mn1Co7O24,-2.415
Sr4Ca4Mn1Co7O24,-2.087
Y4Ca4Mn1Co7O24,-2.439
Ba4Ca4Mn2Co6O24,-1.939
La4Ca4Mn2Co6O24,-2.906
Pr4Ca4Mn2Co6O24,-2.629
Sr4Ca4Mn2Co6O24,-2.085
Y4Ca4Mn2Co6O24,-2.777
Ba4Ca4Mn4Co4O24,-1.808
La4Ca4Mn4Co4O24,-2.876
Ba4Ca4Co7Ni1O24,-1.95
La4Ca4Co7Ni1O24,-2.687
Pr4Ca4Co7Ni1O24,-2.302
Sr4Ca4Co7Ni1O24,-2.038
Y4Ca4Co7Ni1O24,-2.345
Ba4Ca4Co6Ni2O24,-1.915
La4Ca4Co6Ni2O24,-2.766
Pr4Ca4Co6Ni2O24,-2.462
Sr4Ca4Co6Ni2O24,-2.035
Y4Ca4Co6Ni2O24,-2.615
Ba4Ca4Co4Ni4O24,-1.706
La4Ca4Co4Ni4O24,-2.634
Pr4Ca4Co4Ni4O24,-2.324
Sr4Ca4Co4Ni4O24,-1.876
Y4Ca4Co4Ni4O24,-2.47
Ba4Ca4Mn7Co1O24,-1.884
La4Ca4Mn7Co1O24,-3.265
Pr4Ca4Mn7Co1O24,-2.954
Sr4Ca4Mn7Co1O24,-2.048
Y4Ca4Mn7Co1O24,-3.031
Ba4Ca4Mn6Co2O24,-1.869
La4Ca4Mn6Co2O24,-3.149
Pr4Ca4Mn6Co2O24,-2.85
Sr4Ca4Mn6Co2O24,-1.997
Y4Ca4Mn6Co2O24,-3.045
Pr4Ca4Mn4Co4O24,-2.593
Sr4Ca4Mn4Co4O24,-1.97
Y4Ca4Mn4Co4O24,-2.763
Ba4Ca4Mn7Fe1O24,-1.852
La4Ca4Mn7Fe1O24,-3.301
Pr4Ca4Mn7Fe1O24,-3.001
Sr4Ca4Mn7Fe1O24,-1.993
Y4Ca4Mn7Fe1O24,-3.341
Ba4Ca4Mn6Fe2O24,-1.843
La4Ca4Mn6Fe2O24,-3.263
Pr4Ca4Mn6Fe2O24,-2.976
Sr4Ca4Mn6Fe2O24,-1.999
Y4Ca4Mn6Fe2O24,-3.338
Ba4Ca4Mn7Ni1O24,-1.832
La4Ca4Mn7Ni1O24,-3.187
Pr4Ca4Mn7Ni1O24,-2.919
Sr4Ca4Mn7Ni1O24,-1.942
Y4Ca4Mn7Ni1O24,-3.117
Ba4Ca4Mn6Ni2O24,-1.8
La4Ca4Mn6Ni2O24,-3.007
Pr4Ca4Mn6Ni2O24,-2.868
Sr4Ca4Mn6Ni2O24,-1.9
Y4Ca4Mn6Ni2O24,-2.951
Ba4Ca4Mn4Ni4O24,-1.685
La4Ca4Mn4Ni4O24,-2.379
Pr4Ca4Mn4Ni4O24,-2.103
Sr4Ca4Mn4Ni4O24,-1.786
Y4Ca4Mn4Ni4O24,-2.336
Ba4Ca4Ni7Co1O24,-1.515
La4Ca4Ni7Co1O24,-2.231
Pr4Ca4Ni7Co1O24,-1.879
Sr4Ca4Ni7Co1O24,-1.676
Y4Ca4Ni7Co1O24,-2.029
Ba4Ca4Ni6Co2O24,-1.615
La4Ca4Ni6Co2O24,-2.354
Pr4Ca4Ni6Co2O24,-2.012
Sr4Ca4Ni6Co2O24,-1.766
Y4Ca4Ni6Co2O24,-2.189
Ba4Ca4Ni4Co4O24,-1.738
La4Ca4Ni4Co4O24,-2.634
Pr4Ca4Ni4Co4O24,-2.316
Sr4Ca4Ni4Co4O24,-1.874
Y4Ca4Ni4Co4O24,-2.215
Ba4Ca4Fe1Ni7O24,-1.527
La4Ca4Fe1Ni7O24,-2.241
Pr4Ca4Fe1Ni7O24,-1.9
Sr4Ca4Fe1Ni7O24,-1.676
Y4Ca4Fe1Ni7O24,-2.047
Ba4Ca4Fe2Ni6O24,-1.582
La4Ca4Fe2Ni6O24,-2.366
Pr4Ca4Fe2Ni6O24,-2.026
Sr4Ca4Fe2Ni6O24,-1.737
Y4Ca4Fe2Ni6O24,-2.188
Ba4Ca4Mn1Ni7O24,-1.509
La4Ca4Mn1Ni7O24,-2.175
Pr4Ca4Mn1Ni7O24,-1.838
Sr4Ca4Mn1Ni7O24,-1.66
Y4Ca4Mn1Ni7O24,-1.999
Ba4Ca4Mn2Ni6O24,-1.559
La4Ca4Mn2Ni6O24,-2.247
Pr4Ca4Mn2Ni6O24,-1.935
Sr4Ca4Mn2Ni6O24,-1.691
Y4Ca4Mn2Ni6O24,-2.129
Ba4Sr4Fe1Co7O24,-1.872
Ca4Sr4Fe1Co7O24,-2.214
La4Sr4Fe1Co7O24,-2.863
Pr4Sr4Fe1Co7O24,-2.476
Y4Sr4Fe1Co7O24,-2.326
Ca4Sr4Fe2Co6O24,-2.217
La4Sr4Fe2Co6O24,-2.927
Pr4Sr4Fe2Co6O24,-2.41
Y4Sr4Fe2Co6O24,-2.453
Ba4Sr4Mn1Co7O24,-1.82
Ca4Sr4Mn1Co7O24,-2.131
La4Sr4Mn1Co7O24,-2.796
Pr4Sr4Mn1Co7O24,-2.409
Y4Sr4Mn1Co7O24,-2.332
Ba4Sr4Mn2Co6O24,-1.751
Ca4Sr4Mn2Co6O24,-2.081
La4Sr4Mn2Co6O24,-2.784
Pr4Sr4Mn2Co6O24,-2.406
Y4Sr4Mn2Co6O24,-2.563
Ca4Sr4Mn4Co4O24,-1.97
Ba4Sr4Co7Ni1O24,-1.782
Ca4Sr4Co7Ni1O24,-2.111
La4Sr4Co7Ni1O24,-2.743
Pr4Sr4Co7Ni1O24,-2.354
Y4Sr4Co7Ni1O24,-2.274
Ba4Sr4Co6Ni2O24,-1.708
Ca4Sr4Co6Ni2O24,-2.033
La4Sr4Co6Ni2O24,-2.664
Pr4Sr4Co6Ni2O24,-2.262
Y4Sr4Co6Ni2O24,-2.148
Ba4Sr4Co4Ni4O24,-1.502
Ca4Sr4Co4Ni4O24,-1.88
La4Sr4Co4Ni4O24,-2.511
Pr4Sr4Co4Ni4O24,-2.11
Y4Sr4Co4Ni4O24,-2.009
Ba4Sr4Mn7Co1O24,-1.985
Ca4Sr4Mn7Co1O24,-2
La4Sr4Mn7Co1O24,-3.126
Pr4Sr4Mn7Co1O24,-2.691
Y4Sr4Mn7Co1O24,-2.774
Ba4Sr4Mn6Co2O24,-1.684
Ca4Sr4Mn6Co2O24,-2.001
La4Sr4Mn6Co2O24,-2.975
Pr4Sr4Mn6Co2O24,-2.572
Y4Sr4Mn6Co2O24,-2.77
Ba4Sr4Mn4Co4O24,-1.631
La4Sr4Mn4Co4O24,-2.764
Pr4Sr4Mn4Co4O24,-2.373
Y4Sr4Mn4Co4O24,-2.476
Ba4Sr4Mn7Fe1O24,-1.652
Ca4Sr4Mn7Fe1O24,-2.065
La4Sr4Mn7Fe1O24,-3.105
Pr4Sr4Mn7Fe1O24,-2.686
Y4Sr4Mn7Fe1O24,-2.925
Ba4Sr4Mn6Fe2O24,-1.653
Ca4Sr4Mn6Fe2O24,-1.991
La4Sr4Mn6Fe2O24,-3.07
Pr4Sr4Mn6Fe2O24,-2.666
Y4Sr4Mn6Fe2O24,-2.902
Ba4Sr4Mn7Ni1O24,-1.644
Ca4Sr4Mn7Ni1O24,-1.944
La4Sr4Mn7Ni1O24,-2.975
Pr4Sr4Mn7Ni1O24,-2.593
Y4Sr4Mn7Ni1O24,-2.813
Ba4Sr4Mn6Ni2O24,-1.6
Ca4Sr4Mn6Ni2O24,-1.899
La4Sr4Mn6Ni2O24,-3.052
Pr4Sr4Mn6Ni2O24,-2.448
Y4Sr4Mn6Ni2O24,-2.65
Ba4Sr4Mn4Ni4O24,-1.454
Ca4Sr4Mn4Ni4O24,-1.789
La4Sr4Mn4Ni4O24,-2.223
Pr4Sr4Mn4Ni4O24,-1.835
Y4Sr4Mn4Ni4O24,-2.037
Ba4Sr4Ni7Co1O24,-1.301
Ca4Sr4Ni7Co1O24,-1.673
La4Sr4Ni7Co1O24,-2.085
Pr4Sr4Ni7Co1O24,-1.67
Y4Sr4Ni7Co1O24,-1.728
Ba4Sr4Ni6Co2O24,-1.405
Ca4Sr4Ni6Co2O24,-1.766
La4Sr4Ni6Co2O24,-2.216
Pr4Sr4Ni6Co2O24,-1.798
Y4Sr4Ni6Co2O24,-1.943
Ba4Sr4Ni4Co4O24,-1.524
Ca4Sr4Ni4Co4O24,-1.869
La4Sr4Ni4Co4O24,-2.515
Pr4Sr4Ni4Co4O24,-2.11
Y4Sr4Ni4Co4O24,-1.999
Ba4Sr4Fe1Ni7O24,-1.307
Ca4Sr4Fe1Ni7O24,-1.686
La4Sr4Fe1Ni7O24,-2.112
Pr4Sr4Fe1Ni7O24,-1.688
Y4Sr4Fe1Ni7O24,-1.82
Ba4Sr4Fe2Ni6O24,-1.367
Ca4Sr4Fe2Ni6O24,-1.74
La4Sr4Fe2Ni6O24,-2.223
Pr4Sr4Fe2Ni6O24,-1.803
Y4Sr4Fe2Ni6O24,-1.93
Ba4Sr4Mn1Ni7O24,-1.288
Ca4Sr4Mn1Ni7O24,-1.658
La4Sr4Mn1Ni7O24,-2.034
Pr4Sr4Mn1Ni7O24,-1.629
Y4Sr4Mn1Ni7O24,-1.773
Ba4Ba4Mn2Fe6O24,-1.341
Ca4Ba4Mn2Fe6O24,-1.698
La4Ba4Mn2Fe6O24,-2.109
Pr4Ba4Mn2Fe6O24,-1.708
Y4Ba4Mn2Fe6O24,-1.868
Ba8Al1Co7O24,-1.572
Ba8Al2Co6O24,-1.667
Ba8Al4Co4O24,-1.31
Ba8Ga1Co7O24,-1.541
Ba8Ga2Co6O24,-1.628
Ba8Ga4Co4O24,-1.262
Ba8In1Co7O24,-1.65
Ba8In2Co6O24,-1.637
Ba8In4Co4O24,-1.127
Ba8Sc1Co7O24,-1.801
Ba8Sc2Co6O24,-1.704
Ba8Sc4Co4O24,-1.358
Ba8Y1Co7O24,-1.72
Ba8Y2Co6O24,-1.649
Ba8Y4Co4O24,-1.238
Sr8Al1Co7O24,-1.898
Sr8Al2Co6O24,-1.818
Sr8Al4Co4O24,-1.658
Sr8Ga1Co7O24,-1.853
Sr8Ga2Co6O24,-1.703
Sr8Ga4Co4O24,-1.405
Sr8In1Co7O24,-1.828
Sr8In2Co6O24,-1.708
Sr8In4Co4O24,-1.291
Sr8Sc1Co7O24,-1.895
Sr8Sc4Co4O24,-1.528
Sr8Y1Co7O24,-1.852
Sr8Y2Co6O24,-1.765
Sr8Y4Co4O24,-1.349
Sr2Ba6Al1Co7O24,-1.771
Sr2Ba6Al2Co6O24,-1.764
Sr2Ba6Al4Co4O24,-1.396
Sr2Ba6Ga1Co7O24,-1.728
Sr2Ba6Ga2Co6O24,-1.617
Sr2Ba6Ga4Co4O24,-1.324
Sr2Ba6In1Co7O24,-1.722
Sr2Ba6In2Co6O24,-1.622
Sr2Ba6In4Co4O24,-1.164
Sr2Ba6Sc1Co7O24,-1.798
Sr2Ba6Sc2Co6O24,-1.713
Sr2Ba6Sc4Co4O24,-1.397
Sr2Ba6Y1Co7O24,-1.842
Sr2Ba6Y2Co6O24,-1.709
Sr2Ba6Y4Co4O24,-1.264
Sr4Ba4Al1Co7O24,-1.752
Sr4Ba4Al2Co6O24,-1.665
Sr4Ba4Al4Co4O24,-1.456
Sr4Ba4Ga1Co7O24,-1.681
Sr4Ba4Ga2Co6O24,-1.638
Sr4Ba4Ga4Co4O24,-1.281
Sr4Ba4In1Co7O24,-1.763
Sr4Ba4In2Co6O24,-1.628
Sr4Ba4In4Co4O24,-1.212
Sr4Ba4Sc1Co7O24,-1.776
Sr4Ba4Sc2Co6O24,-1.73
Sr4Ba4Sc4Co4O24,-1.425
Sr4Ba4Y1Co7O24,-1.839
Sr4Ba4Y2Co6O24,-1.698
Sr4Ba4Y4Co4O24,-1.296
Ba8Al1Fe7O24,-1.629
Ba8Al2Fe6O24,-1.593
Ba8Al4Fe4O24,-1.286
Ba8Ga1Fe7O24,-1.564
Ba8Ga2Fe6O24,-1.394
Ba8Ga4Fe4O24,-1.08
Ba8In1Fe7O24,-1.58
Ba8In2Fe6O24,-1.411
Ba8In4Fe4O24,-1.036
Ba8Sc1Fe7O24,-1.788
Ba8Sc2Fe6O24,-1.569
Ba8Sc4Fe4O24,-1.506
Ba8Y1Fe7O24,-1.706
Ba8Y2Fe6O24,-1.498
Ba8Y4Fe4O24,-1.423
Sr8Al1Fe7O24,-2.138
Sr8Al2Fe6O24,-2.055
Sr8Al4Fe4O24,-1.745
Sr8Ga1Fe7O24,-2.097
Sr8Ga2Fe6O24,-1.998
Sr8Ga4Fe4O24,-1.437
Sr8In1Fe7O24,-2.093
Sr8In2Fe6O24,-1.901
Sr8In4Fe4O24,-1.314
Sr8Sc1Fe7O24,-2.083
Sr8Sc2Fe6O24,-2.013
Sr8Sc4Fe4O24,-1.689
Sr8Y1Fe7O24,-2.085
Sr8Y2Fe6O24,-1.846
Sr8Y4Fe4O24,-1.543
Sr2Ba6Al1Fe7O24,-1.764
Sr2Ba6Al2Fe6O24,-1.721
Sr2Ba6Al4Fe4O24,-1.381
Sr2Ba6Ga1Fe7O24,-1.689
Sr2Ba6Ga2Fe6O24,-1.609
Sr2Ba6Ga4Fe4O24,-1.183
Sr2Ba6In1Fe7O24,-1.719
Sr2Ba6In2Fe6O24,-1.522
Sr2Ba6In4Fe4O24,-1.107
Sr2Ba6Sc1Fe7O24,-1.905
Sr2Ba6Sc2Fe6O24,-1.642
Sr2Ba6Sc4Fe4O24,-1.555
Sr2Ba6Y1Fe7O24,-1.851
Sr2Ba6Y2Fe6O24,-1.551
Sr2Ba6Y4Fe4O24,-1.456
Sr4Ba4Al1Fe7O24,-1.9
Sr4Ba4Al2Fe6O24,-1.868
Sr4Ba4Al4Fe4O24,-1.483
Sr4Ba4Ga1Fe7O24,-1.813
Sr4Ba4Ga2Fe6O24,-1.731
Sr4Ba4Ga4Fe4O24,-1.281
Sr4Ba4In1Fe7O24,-1.845
Sr4Ba4In2Fe6O24,-1.64
Sr4Ba4In4Fe4O24,-1.145
Sr4Ba4Sc1Fe7O24,-1.969
Sr4Ba4Sc2Fe6O24,-1.752
Sr4Ba4Sc4Fe4O24,-1.596
Sr4Ba4Y1Fe7O24,-1.904
Sr4Ba4Y2Fe6O24,-1.617
Sr4Ba4Y4Fe4O24,-1.481
Ba8Al1Ni7O24,-1.107
Ba8Al2Ni6O24,-1.098
Ba8Al4Ni4O24,-1.032
Ba8Ga1Ni7O24,-1.064
Ba8Ga2Ni6O24,-1.019
Ba8Ga4Ni4O24,-0.86
Ba8In1Ni7O24,-1.074
Ba8In2Ni6O24,-1.02
Ba8In4Ni4O24,-0.815
Ba8Sc1Ni7O24,-1.163
Ba8Sc2Ni6O24,-1.145
Ba8Sc4Ni4O24,-1.03
Ba8Y1Ni7O24,-1.147
Ba8Y2Ni6O24,-1.204
Ba8Y4Ni4O24,-0.936
Sr8Al1Ni7O24,-1.389
Sr8Al2Ni6O24,-1.354
Sr8Al4Ni4O24,-1.294
Sr8Ga1Ni7O24,-1.343
Sr8Ga2Ni6O24,-1.267
Sr8Ga4Ni4O24,-1.113
Sr8In1Ni7O24,-1.311
Sr8In2Ni6O24,-1.214
Sr8In4Ni4O24,-0.992
Sr8Sc1Ni7O24,-1.396
Sr8Sc2Ni6O24,-1.327
Sr8Sc4Ni4O24,-1.173
Sr8Y1Ni7O24,-1.354
Sr8Y2Ni6O24,-1.25
Sr8Y4Ni4O24,-1.054
Sr2Ba6Al1Ni7O24,-1.174
Sr2Ba6Al2Ni6O24,-1.16
Sr2Ba6Al4Ni4O24,-1.112
Sr2Ba6Ga1Ni7O24,-1.137
Sr2Ba6Ga2Ni6O24,-1.079
Sr2Ba6Ga4Ni4O24,-0.936
Sr2Ba6In1Ni7O24,-1.133
Sr2Ba6In2Ni6O24,-1.064
Sr2Ba6In4Ni4O24,-0.871
Sr2Ba6Sc1Ni7O24,-1.22
Sr2Ba6Sc2Ni6O24,-1.187
Sr2Ba6Sc4Ni4O24,-1.074
Sr2Ba6Y1Ni7O24,-1.198
Sr2Ba6Y2Ni6O24,-1.218
Sr2Ba6Y4Ni4O24,-0.972
Sr4Ba4Al1Ni7O24,-1.235
Sr4Ba4Al2Ni6O24,-1.238
Sr4Ba4Al4Ni4O24,-1.17
Sr4Ba4Ga1Ni7O24,-1.201
Sr4Ba4Ga2Ni6O24,-1.147
Sr4Ba4Ga4Ni4O24,-0.985
Sr4Ba4In1Ni7O24,-1.192
Sr4Ba4In2Ni6O24,-1.119
Sr4Ba4In4Ni4O24,-0.915
Sr4Ba4Sc1Ni7O24,-1.278
Sr4Ba4Sc2Ni6O24,-1.239
Sr4Ba4Sc4Ni4O24,-1.119
Sr4Ba4Y1Ni7O24,-1.253
Sr4Ba4Y2Ni6O24,-1.184
Sr4Ba4Y4Ni4O24,-0.997
Sr8Nb1Co7O24,-2.083
Sr8Nb1Ta1Co6O24,-2.178
Sr8Nb2Co6O24,-2.136
Sr8Nb4Co4O24,-2.737
Sr8Nb6Co2O24,-4.028
Sr8Nb7Co1O24,-4.423
Sr8Ta1Co7O24,-2.107
Sr8Ta2Co6O24,-2.183
Ba8Co8O24,-1.913
Ba8Fe7Co1O24,-1.78
Ba8Fe6Co2O24,-1.733
Ba8Fe4Co4O24,-1.658
Ba8Mn8O24,-1.581
Ba8Mn1Fe7O24,-1.706
Ba8Mn2Fe6O24,-1.65
Ba8Mn4Fe4O24,-1.369
Ba8Ni8O24,-1.117
Ba8Fe7Ni1O24,-1.675
Ba8Fe6Ni2O24,-1.38
Ba8Fe4Ni4O24,-1.274
Ba2Sr6Co8O24,-1.935
Ba2Sr6Fe7Co1O24,-2.043
Ba2Sr6Fe6Co2O24,-1.927
Ba2Sr6Fe4Co4O24,-1.96
Ba2Sr6Mn8O24,-1.754
Ba2Sr6Mn1Fe7O24,-1.997
Ba2Sr6Mn2Fe6O24,-1.883
Ba2Sr6Mn4Fe4O24,-1.63
Ba2Sr6Ni8O24,-1.331
Ba2Sr6Fe7Ni1O24,-2.019
Ba2Sr6Fe6Ni2O24,-1.818
Ba2Sr6Fe4Ni4O24,-1.509
Ba3Sr3La2Mn1Fe7O24,-2.496
Ba4Sr4Co8O24,-1.857
Ba4Sr4Fe7Co1O24,-1.958
Ba4Sr4Fe6Co2O24,-1.866
Ba4Sr4Fe4Co4O24,-1.825
Ba4Sr4Mn8O24,-1.703
Ba4Sr4Mn1Fe7O24,-1.868
Ba4Sr4Mn2Fe6O24,-1.82
Ba4Sr4Mn4Fe4O24,-1.618
Ba4Sr4Ni8O24,-1.241
Ba4Sr4Fe7Ni1O24,-1.891
Ba4Sr4Fe6Ni2O24,-1.694
Ba4Sr4Fe4Ni4O24,-1.425
Ca8Co8O24,-2.354
Ca8Fe7Co1O24,-2.552
Ca8Fe6Co2O24,-2.363
Ca8Fe4Co4O24,-2.407
Ca8Mn8O24,-2.249
Ca8Mn1Fe7O24,-2.541
Ca8Mn2Fe6O24,-2.353
Ca8Mn4Fe4O24,-2.237
Ca8Ni8O24,-1.86
Ca8Fe7Ni1O24,-2.555
Ca8Fe6Ni2O24,-2.382
Ca8Fe4Ni4O24,-2.004
Sr6Ca2Fe8O24,-2.36
Sr6Ca2Co8O24,-2.048
Sr6Ca2Fe7Co1O24,-2.289
Sr6Ca2Fe6Co2O24,-2.113
Sr6Ca2Fe4Co4O24,-2.155
Sr6Ca2Mn8O24,-1.911
Sr6Ca2Mn1Fe7O24,-2.26
Sr6Ca2Mn2Fe6O24,-2.212
Sr6Ca2Mn4Fe4O24,-1.866
Sr6Ca2Ni8O24,-1.521
Sr6Ca2Fe7Ni1O24,-2.261
Sr6Ca2Fe6Ni2O24,-2.051
Sr6Ca2Fe4Ni4O24,-1.698
Sr4Ca4Fe8O24,-2.472
Sr4Ca4Co8O24,-2.19
Sr4Ca4Fe7Co1O24,-2.38
Sr4Ca4Fe6Co2O24,-2.203
Sr4Ca4Fe4Co4O24,-2.243
Sr4Ca4Mn8O24,-2.003
Sr4Ca4Mn1Fe7O24,-2.374
Sr4Ca4Mn2Fe6O24,-2.329
Sr4Ca4Mn4Fe4O24,-1.98
Sr4Ca4Ni8O24,-1.622
Sr4Ca4Fe7Ni1O24,-2.382
Sr4Ca4Fe6Ni2O24,-2.168
Sr4Ca4Fe4Ni4O24,-1.81
Sr8Co8O24,-2.002
Sr8Fe7Co1O24,-2.176
Sr8Fe6Co2O24,-2.003
Sr8Fe4Co4O24,-2.051
Sr8Mn8O24,-1.85
Sr8Mn1Fe7O24,-2.258
Sr8Mn2Fe6O24,-1.995
Sr8Mn4Fe4O24,-1.738
Sr8Ni8O24,-1.401
Sr8Fe7Ni1O24,-2.158
Sr8Fe6Ni2O24,-1.921
Sr8Fe4Ni4O24,-1.584
Ba1Sr7V8O24,-3.533
Ba2Sr6V8O24,-3.52
Ba4Sr4V8O24,-3.425
Sr7Ca1V8O24,-3.708
Sr6Ca2V8O24,-3.77
Sr7Dy1V8O24,-3.572
Sr6Dy2V8O24,-3.814
Sr4Dy4V8O24,-4.394
Sr7Gd1V8O24,-3.674
Sr6Gd2V8O24,-3.923
Sr7Ho1V8O24,-3.574
Sr6Ho2V8O24,-3.66
Sr4Ho4V8O24,-3.774
Sr7La1V8O24,-3.719
Sr6La2V8O24,-4.031
Sr7Mg1V8O24,-3.542
Sr6Mg2V8O24,-3.555
Sr4Mg4V8O24,-3.716
Sr7Nd1V8O24,-3.578
Sr6Nd2V8O24,-3.841
Sr4Nd4V8O24,-4.255
Sr7Pr1V8O24,-3.621
Sr6Pr2V8O24,-3.829
Sr7Sm1V8O24,-3.582
Sr6Sm2V8O24,-3.829
Sr4Sm4V8O24,-4.29
Sr7Y1V8O24,-3.572
Sr6Y2V8O24,-3.818
Sr8Al1V7O24,-3.326
Sr8Al2V6O24,-3.139
Sr8Al4V4O24,-1.929
Sr8V7Co1O24,-3.266
Sr8V6Co2O24,-2.989
Sr8V4Co4O24,-2.506
Sr8V7Cr1O24,-3.403
Sr8V6Cr2O24,-3.224
Sr8V4Cr4O24,-2.978
Sr8V7Cu1O24,-3.242
Sr8V6Cu2O24,-2.849
Sr8V4Cu4O24,-1.569
Sr8V7Fe1O24,-3.273
Sr8V6Fe2O24,-3.009
Sr8V4Fe4O24,-2.576
Sr8V7Ga1O24,-3.295
Sr8V6Ga2O24,-3.073
Sr8V4Ga4O24,-1.645
Sr8V7Ge1O24,-3.549
Sr8V6Ge2O24,-3.336
Sr8V4Ge4O24,-3.256
Sr8Hf1V7O24,-3.475
Sr8Hf2V6O24,-3.433
Sr8Hf4V4O24,-3.323
Sr8V7Ir1O24,-3.613
Sr8V6Ir2O24,-3.567
Sr8V4Ir4O24,-3.466
Sr8Mg1V7O24,-3.245
Sr8Mg2V6O24,-2.867
Sr8Mg4V4O24,-1.176
Sr8Mn1V7O24,-3.517
Sr8Mn2V6O24,-3.346
Sr8Mn4V4O24,-3.065
Sr8V7Mo1O24,-3.688
Sr8V6Mo2O24,-3.848
Sr8V4Mo4O24,-4.281
Sr8V4Ni4O24,-2
Sr8V7Os1O24,-3.678
Sr8V6Os2O24,-3.817
Sr8V4Os4O24,-3.759
Sr8V7Pd1O24,-3.383
Sr8V6Pd2O24,-3.279
Sr8V4Pd4O24,-2.681
Sr8V7Pt1O24,-3.467
Sr8V6Pt2O24,-3.381
Sr8V4Pt4O24,-3.446
Sr8V7Re1O24,-3.709
Sr8V6Re2O24,-4.008
Sr8V4Re4O24,-4.16
Sr8V7Rh1O24,-3.521
Sr8V6Rh2O24,-3.382
Sr8V4Rh4O24,-2.928
Sr8V7Ru1O24,-3.592
Sr8V6Ru2O24,-3.614
Sr8Sc1V7O24,-3.345
Sr8Sc2V6O24,-3.102
Sr8Sc4V4O24,-1.676
Sr8V7Si1O24,-3.556
Sr8V6Si2O24,-3.391
Sr8V4Si4O24,-3.425
Sr8V7Sn1O24,-3.498
Sr8V6Sn2O24,-3.429
Sr8V4Sn4O24,-3.245
Sr8Ti1V7O24,-3.555
Sr8Ti2V6O24,-3.473
Sr8Ti4V4O24,-3.336
Sr8Y1V7O24,-3.302
Sr8Y2V6O24,-3.073
Sr8Y4V4O24,-1.49
Sr8V7Zn1O24,-3.288
Sr8V6Zn2O24,-2.969
Sr8V4Zn4O24,-1.254
Sr8Zr1V7O24,-3.494
Sr8Zr2V6O24,-3.436
Sr8Zr4V4O24,-3.335
Sr8V8O24,-3.657
Ba2Y6Co8O24,-2.486
Ba4Y4Co8O24,-2.33
Ca2Y6Co8O24,-2.524
Ca4Y4Co8O24,-2.398
Dy2Y6Co8O24,-2.863
Dy4Y4Co8O24,-2.854
Gd2Y6Co8O24,-2.944
Gd4Y4Co8O24,-3.011
Y6Ho2Co8O24,-2.866
Y4Ho4Co8O24,-2.863
Nd2Y6Co8O24,-2.699
Nd4Y4Co8O24,-2.786
Sm2Y6Co8O24,-2.836
Sm4Y4Co8O24,-2.809
Sr2Y6Co8O24,-2.428
Sr4Y4Co8O24,-2.303
Y8Cr1Co7O24,-3.024
Y8Cr2Co6O24,-3.094
Y8Cr4Co4O24,-3.311
Y8Fe1Co7O24,-2.709
Y8Fe2Co6O24,-2.872
Y8Fe4Co4O24,-2.841
Y8Mg1Co7O24,-2.472
Y8Mg2Co6O24,-2.269
Y8Mg4Co4O24,-1.837
Y8Mn1Co7O24,-2.986
Y8Mn2Co6O24,-2.985
Y8Mn4Co4O24,-3.01
Y8Co7Ni1O24,-2.696
Y8Co6Ni2O24,-2.617
Y8Co8O24,-2.881
Ba2Y6Cr8O24,-2.978
Ba4Y4Cr8O24,-2.688
Ca2Y6Cr8O24,-3.14
Ca4Y4Cr8O24,-2.977
Dy2Y6Cr8O24,-3.639
Dy4Y4Cr8O24,-3.62
Gd2Y6Cr8O24,-3.452
Gd4Y4Cr8O24,-3.769
Y6Ho2Cr8O24,-3.629
Y4Ho4Cr8O24,-3.62
Nd2Y6Cr8O24,-3.591
Nd4Y4Cr8O24,-3.562
Sm2Y6Cr8O24,-3.62
Sm4Y4Cr8O24,-3.587
Sr2Y6Cr8O24,-3.052
Sr4Y4Cr8O24,-2.834
Y8Cr7Co1O24,-3.495
Y8Cr6Co2O24,-3.503
Y8Cr7Fe1O24,-3.445
Y8Cr6Fe2O24,-3.409
Y8Cr4Fe4O24,-3.446
Y8Mg1Cr7O24,-3.094
Y8Mg2Cr6O24,-2.873
Y8Mg4Cr4O24,-2.361
Y8Mn1Cr7O24,-3.665
Y8Mn2Cr6O24,-3.652
Y8Cr7Ni1O24,-3.156
Y8Cr6Ni2O24,-3
Y8Cr8O24,-3.633
Ba2Y6Fe8O24,-2.848
Ba4Y4Fe8O24,-2.527
Ca2Y6Fe8O24,-3.119
Ca4Y4Fe8O24,-2.825
Dy2Y6Fe8O24,-3.315
Dy4Y4Fe8O24,-3.296
Gd2Y6Fe8O24,-3.415
Gd4Y4Fe8O24,-3.475
Y6Ho2Fe8O24,-3.306
Y4Ho4Fe8O24,-3.302
Nd2Y6Fe8O24,-3.287
Nd4Y4Fe8O24,-3.324
Sm2Y6Fe8O24,-3.301
Sm4Y4Fe8O24,-3.275
Sr2Y6Fe8O24,-3.035
Sr4Y4Fe8O24,-2.682
Y8Fe7Co1O24,-3.209
Y8Fe6Co2O24,-3.132
Y8Cr1Fe7O24,-3.352
Y8Cr2Fe6O24,-3.416
Y8Mg1Fe7O24,-3.126
Y8Mg2Fe6O24,-2.898
Y8Mg4Fe4O24,-2.623
Y8Mn1Fe7O24,-3.288
Y8Mn2Fe6O24,-3.389
Y8Fe7Ni1O24,-3.188
Y8Fe6Ni2O24,-3.081
Y8Fe8O24,-3.314
Ba2Y6Ga8O24,-1.415
Ba4Y4Ga8O24,-1.243
Ca2Y6Ga8O24,-1.206
Ca4Y4Ga8O24,-1.224
Dy2Y6Ga8O24,-1.067
Dy4Y4Ga8O24,-1.233
Gd2Y6Ga8O24,-1.247
Gd4Y4Ga8O24,-1.5
Y6Ho2Ga8O24,-1.319
Y4Ho4Ga8O24,-1.24
Nd2Y6Ga8O24,-1.109
Nd4Y4Ga8O24,-1.231
Sm2Y6Ga8O24,-1.081
Sm4Y4Ga8O24,-1.195
Sr2Y6Ga8O24,-1.224
Sr4Y4Ga8O24,-1.174
Y8Ga7Co1O24,-2.29
Y8Ga6Co2O24,-2.506
Y8Ga4Co4O24,-2.698
Y8Cr1Ga7O24,-2.708
Y8Cr2Ga6O24,-2.953
Y8Cr4Ga4O24,-3.17
Y8Ga7Fe1O24,-3.009
Y8Ga6Fe2O24,-3.134
Y8Ga4Fe4O24,-3.202
Y8Mg1Ga7O24,-1.165
Y8Mg2Ga6O24,-1.155
Y8Mg4Ga4O24,-1.133
Y8Mn1Ga7O24,-3.069
Y8Mn2Ga6O24,-3.107
Y8Mn4Ga4O24,-3.276
Y8Ga7Ni1O24,-2.042
Y8Ga6Ni2O24,-2.061
Y8Ga4Ni4O24,-2.242
Y8Ga8O24,-1.44
Ba2Y6Mn8O24,-3.181
Ca2Y6Mn8O24,-3.37
Ca4Y4Mn8O24,-3.103
Dy2Y6Mn8O24,-3.636
Dy4Y4Mn8O24,-3.681
Gd2Y6Mn8O24,-3.745
Gd4Y4Mn8O24,-3.818
Y6Ho2Mn8O24,-3.628
Y4Ho4Mn8O24,-3.694
Nd2Y6Mn8O24,-3.596
Nd4Y4Mn8O24,-3.537
Sm2Y6Mn8O24,-3.62
Sm4Y4Mn8O24,-3.584
Sr2Y6Mn8O24,-3.261
Sr4Y4Mn8O24,-2.828
Y8Mn7Co1O24,-3.592
Y8Mn6Co2O24,-3.496
Y8Mn7Cr1O24,-3.607
Y8Mn6Cr2O24,-3.629
Y8Mn4Cr4O24,-3.574
Y8Mn7Fe1O24,-3.602
Y8Mn6Fe2O24,-3.664
Y8Mn4Fe4O24,-3.679
Y8Mg1Mn7O24,-3.527
Y8Mg2Mn6O24,-3.41
Y8Mg4Mn4O24,-1.83
Y8Mn7Ni1O24,-3.564
Y8Mn6Ni2O24,-3.408
Y8Mn8O24,-3.664
Ba2Y6Ni8O24,-1.933
Ba4Y4Ni8O24,-1.452
Ca2Y6Ni8O24,-2.141
Ca4Y4Ni8O24,-1.92
Dy2Y6Ni8O24,-2.332
Dy4Y4Ni8O24,-2.321
Gd2Y6Ni8O24,-2.489
Gd4Y4Ni8O24,-2.598
Y6Ho2Ni8O24,-2.338
Y4Ho4Ni8O24,-2.33
Nd2Y6Ni8O24,-2.299
Nd4Y4Ni8O24,-2.243
Sm2Y6Ni8O24,-2.314
Sm4Y4Ni8O24,-2.272
Sr2Y6Ni8O24,-2.034
Sr4Y4Ni8O24,-1.641
Y8Co1Ni7O24,-2.353
Y8Co2Ni6O24,-2.373
Y8Co4Ni4O24,-2.411
Y8Cr1Ni7O24,-2.446
Y8Cr2Ni6O24,-2.514
Y8Cr4Ni4O24,-2.669
Y8Fe1Ni7O24,-2.476
Y8Fe2Ni6O24,-2.564
Y8Fe4Ni4O24,-2.778
Y8Mg1Ni7O24,-2.168
Y8Mg2Ni6O24,-2.112
Y8Mg4Ni4O24,-1.413
Y8Mn1Ni7O24,-2.399
Y8Mn2Ni6O24,-2.452
Y8Mn4Ni4O24,-2.611
Y8Ni8O24,-2.352
Ba2Y6Sc8O24,-1.329
Ba4Y4Sc8O24,-1.209
Ca2Y6Sc8O24,-1.182
Ca4Y4Sc8O24,-1.141
Dy2Y6Sc8O24,-1.414
Dy4Y4Sc8O24,-1.434
Gd2Y6Sc8O24,-1.472
Gd4Y4Sc8O24,-1.557
Y6Ho2Sc8O24,-1.486
Y4Ho4Sc8O24,-1.463
Nd2Y6Sc8O24,-1.356
Nd4Y4Sc8O24,-1.367
Sm2Y6Sc8O24,-1.374
Sm4Y4Sc8O24,-1.408
Sr2Y6Sc8O24,-1.219
Sr4Y4Sc8O24,-1.167
Y8Sc7Co1O24,-2.376
Y8Sc6Co2O24,-2.514
Y8Sc4Co4O24,-2.903
Y8Sc7Cr1O24,-2.953
Y8Sc6Cr2O24,-3.069
Y8Sc4Cr4O24,-3.304
Y8Sc7Fe1O24,-3.24
Y8Sc6Fe2O24,-3.348
Y8Sc4Fe4O24,-3.467
Y8Mg1Sc7O24,-1.216
Y8Mg2Sc6O24,-1.164
Y8Mg4Sc4O24,-1.142
Y8Sc7Mn1O24,-3.204
Y8Sc6Mn2O24,-3.204
Y8Sc4Mn4O24,-2.984
Y8Sc7Ni1O24,-2.19
Y8Sc6Ni2O24,-2.289
Y8Sc4Ni4O24,-2.371
Y8Sc8O24,-1.54
Ba2Y6Ti8O24,-5.063
Ba4Y4Ti8O24,-4.602
Ca2Y6Ti8O24,-5.161
Ca4Y4Ti8O24,-4.934
Dy2Y6Ti8O24,-5.099
Dy4Y4Ti8O24,-5.163
Gd2Y6Ti8O24,-5.184
Gd4Y4Ti8O24,-5.261
Y6Ho2Ti8O24,-5.249
Y4Ho4Ti8O24,-5.17
Nd2Y6Ti8O24,-5.072
Nd4Y4Ti8O24,-5.138
Sm2Y6Ti8O24,-5.077
Sm4Y4Ti8O24,-5.136
Sr2Y6Ti8O24,-5.138
Sr4Y4Ti8O24,-4.775
Y8Ti7Co1O24,-4.798
Y8Ti6Co2O24,-4.558
Y8Ti4Co4O24,-3.251
Y8Ti7Cr1O24,-5.002
Y8Ti6Cr2O24,-4.963
Y8Ti4Cr4O24,-4.854
Y8Ti7Fe1O24,-4.845
Y8Ti6Fe2O24,-4.663
Y8Ti4Fe4O24,-4.008
Y8Mg1Ti7O24,-5.144
Y8Mg2Ti6O24,-4.968
Y8Mg4Ti4O24,-1.598
Y8Ti7Mn1O24,-4.869
Y8Ti6Mn2O24,-4.755
Y8Ti4Mn4O24,-3.934
Y8Ti7Ni1O24,-4.782
Y8Ti6Ni2O24,-4.544
Y8Ti4Ni4O24,-2.646
Y8Ti8O24,-5.267
Ba2Y6V8O24,-3.931
Ba4Y4V8O24,-3.58
Ca2Y6V8O24,-4.056
Ca4Y4V8O24,-3.84
Dy2Y6V8O24,-4.213
Dy4Y4V8O24,-4.235
Gd2Y6V8O24,-4.346
Gd4Y4V8O24,-4.45
Y6Ho2V8O24,-4.205
Y4Ho4V8O24,-4.251
Nd2Y6V8O24,-4.197
Nd4Y4V8O24,-4.183
Sm2Y6V8O24,-4.205
Sm4Y4V8O24,-4.192
Sr2Y6V8O24,-3.989
Sr4Y4V8O24,-3.73
Y8V7Co1O24,-4.071
Y8V6Co2O24,-3.977
Y8V4Co4O24,-3.696
Y8V7Cr1O24,-4.158
Y8V6Cr2O24,-4.145
Y8V4Cr4O24,-4.036
Y8V7Fe1O24,-4.102
Y8V6Fe2O24,-4.044
Y8V4Fe4O24,-3.836
Y8Mg1V7O24,-3.998
Y8Mg2V6O24,-3.793
Y8Mg4V4O24,-3.347
Y8Mn1V7O24,-4.111
Y8Mn2V6O24,-4.015
Y8Mn4V4O24,-3.79
Y8V7Ni1O24,-4.042
Y8V6Ni2O24,-3.859
Y8V4Ni4O24,-3.43
Y8V8O24,-4.211
Ba7Ca1Nb8O24,-4.228
Ba7Ca1Nb7Cr1O24,-4.131
Ba7Ca1Nb7Fe1O24,-3.985
Ba7Ca1Mn1Nb7O24,-4.011
Ba7Ca1Nb7Ni1O24,-4.002
Ba7Ca1Nb7Sn1O24,-4.269
Ba7Ca1Ta1Nb7O24,-4.303
Ba7Ca1Ti1Nb7O24,-4.17
Ba7Ca1Nb7V1O24,-4.088
Ba6Ca2Nb8O24,-4.316
Ba6Ca2Nb6Cr2O24,-4.064
Ba6Ca2Nb6Fe2O24,-3.868
Ba6Ca2Mn2Nb6O24,-3.965
Ba6Ca2Nb6Ni2O24,-3.903
Ba6Ca2Nb6Sn2O24,-4.38
Ba6Ca2Ta2Nb6O24,-4.476
Ba6Ca2Ti2Nb6O24,-4.194
Ba4Ca4Nb4Cr4O24,-3.243
Ba4Ca4Nb4Fe4O24,-2.676
Ba4Ca4Mn4Nb4O24,-3.323
Ba4Ca4Nb4Ni4O24,-2.083
Ba4Ca4Nb4Sn4O24,-4.673
Ba4Ca4Ti4Nb4O24,-4.276
Cs1Ba7Nb8O24,-4.009
Cs1Ba7Nb7Cr1O24,-3.883
Cs1Ba7Nb7Fe1O24,-3.748
Cs1Ba7Mn1Nb7O24,-3.752
Cs1Ba7Ta1Nb7O24,-4.079
Cs1Ba7Nb7V1O24,-3.861
Cs2Ba6Nb8O24,-3.823
Cs2Ba6Nb6Cr2O24,-3.595
Cs2Ba6Nb6Fe2O24,-3.164
Cs2Ba6Mn2Nb6O24,-3.192
Cs2Ba6Ta2Nb6O24,-3.938
Cs2Ba6Nb6V2O24,-3.375
Cs4Ba4Nb8O24,-3.521
Cs4Ba4Mn4Nb4O24,-1.393
Cs4Ba4Ta4Nb4O24,-3.79
Cs4Ba4Nb4V4O24,-3.178
Ba7La1Nb8O24,-4.47
Ba7La1Nb7Co1O24,-4.292
Ba7La1Nb7Cr1O24,-4.383
Ba7La1Nb7Fe1O24,-4.244
Ba7La1Mn1Nb7O24,-4.273
Ba7La1Nb7Ni1O24,-4.295
Ba7La1Sc1Nb7O24,-4.363
Ba7La1Ta1Nb7O24,-4.54
Ba7La1Ti1Nb7O24,-4.337
Ba7La1Nb7V1O24,-4.319
Ba6La2Nb8O24,-4.768
Ba6La2Nb6Co2O24,-4.313
Ba6La2Nb6Cr2O24,-4.573
Ba6La2Nb6Fe2O24,-4.36
Ba6La2Mn2Nb6O24,-4.271
Ba6La2Nb6Ni2O24,-4.222
Ba6La2Sc2Nb6O24,-4.458
Ba6La2Ta2Nb6O24,-4.92
Ba6La2Ti2Nb6O24,-4.516
Ba6La2Nb6V2O24,-4.45
Ba4La4Nb4Co4O24,-3.982
Ba4La4Nb4Cr4O24,-4.746
Ba4La4Nb4Fe4O24,-4.109
Ba4La4Mn4Nb4O24,-4.411
Ba4La4Nb4Ni4O24,-3.121
Ba4La4Sc4Nb4O24,-4.815
Ba4La4Ta4Nb4O24,-5.636
Ba4La4Ti4Nb4O24,-4.88
Ba4La4Nb4V4O24,-4.79
Rb1Ba7Nb8O24,-4.042
Rb1Ba7Nb7Cr1O24,-3.912
Rb1Ba7Nb7Fe1O24,-3.784
Rb1Ba7Mn1Nb7O24,-3.787
Rb1Ba7Ta1Nb7O24,-4.112
Rb1Ba7Nb7V1O24,-3.895
Rb2Ba6Nb8O24,-3.886
Rb2Ba6Nb6Cr2O24,-3.659
Rb2Ba6Nb6Fe2O24,-3.233
Rb2Ba6Mn2Nb6O24,-3.302
Rb2Ba6Ta2Nb6O24,-4.033
Rb2Ba6Nb6V2O24,-3.422
Rb4Ba4Nb8O24,-3.642
Rb4Ba4Nb4Cr4O24,-2.133
Rb4Ba4Nb4Fe4O24,-1.42
Rb4Ba4Mn4Nb4O24,-1.334
Rb4Ba4Ta4Nb4O24,-3.925
Rb4Ba4Nb4V4O24,-3.063
Ba7Sr1Nb8O24,-4.175
Ba7Sr1Nb7Cr1O24,-4.074
Ba7Sr1Nb7Fe1O24,-3.914
Ba7Sr1Mn1Nb7O24,-3.942
Ba7Sr1Nb7Ni1O24,-3.997
Ba7Sr1Nb7Sn1O24,-4.202
Ba7Sr1Ta1Nb7O24,-4.255
Ba7Sr1Ti1Nb7O24,-4.118
Ba7Sr1Nb7V1O24,-4.033
Ba6Sr2Nb6Cr2O24,-3.949
Ba6Sr2Nb6Fe2O24,-3.763
Ba6Sr2Mn2Nb6O24,-3.872
Ba6Sr2Nb6Ni2O24,-3.797
Ba6Sr2Nb6Sn2O24,-4.27
Ba6Sr2Ti2Nb6O24,-4.084
Ba4Sr4Nb4Cr4O24,-2.981
Ba4Sr4Nb4Fe4O24,-2.905
Ba4Sr4Nb4Ni4O24,-1.752
Ba4Sr4Ti4Nb4O24,-4.045
Ba4Sr4Nb4V4O24,-3.668
Ba7Y1Nb8O24,-4.371
Ba6Y2Nb8O24,-4.574
Ba7Zn1Nb8O24,-3.932
Ba6Zn2Nb8O24,-3.713
Ba4Zn4Nb8O24,-3.39
Ba8Nb7Cr1O24,-4.028
Ba8Nb6Cr2O24,-3.875
Ba8Nb4Cr4O24,-2.736
Ba8Nb7Fe1O24,-3.879
Ba8Nb6Fe2O24,-3.689
Ba8Nb4Fe4O24,-1.939
Ba8Nb7Ge1O24,-3.998
Ba8Nb6Ge2O24,-3.726
Ba8Nb4Ge4O24,-3.39
Ba8Hf1Nb7O24,-4.157
Ba8Hf2Nb6O24,-4.117
Ba8Hf4Nb4O24,-4.272
Ba8Mn1Nb7O24,-3.899
Ba8Mn2Nb6O24,-3.786
Ba8Mn4Nb4O24,-2.684
Ba8Nb7Mo1O24,-4.079
Ba8Nb6Mo2O24,-4.004
Ba8Nb4Mo4O24,-4.012
Ba8Nb7Ni1O24,-3.934
Ba8Nb6Ni2O24,-3.727
Ba8Nb4Ni4O24,-1.459
Ba8Nb7Ru1O24,-4.307
Ba8Nb6Ru2O24,-4.171
Ba8Nb4Ru4O24,-3.061
Ba8Nb7Sn1O24,-4.156
Ba8Nb6Sn2O24,-4.167
Ba8Nb4Sn4O24,-3.735
Ba8Ta1Nb7O24,-4.207
Ba8Ti1Nb7O24,-4.074
Ba8Ti2Nb6O24,-4.001
Ba8Ti4Nb4O24,-3.88
Ba8Nb7V1O24,-3.984
Ba8Nb4V4O24,-3.4
Ba8Zr1Nb7O24,-4.141
Ba8Zr2Nb6O24,-4.111
Ba8Zr4Nb4O24,-4.167
Ba1Sr7Nb8O24,-4.386
Ba1Sr7Nb7Cr1O24,-4.338
Ba1Sr7Nb7Fe1O24,-4.105
Ba1Sr7Mn1Nb7O24,-4.129
Ba1Sr7Nb7Ni1O24,-4.07
Ba1Sr7Nb7Sn1O24,-4.374
Ba1Sr7Ta1Nb7O24,-4.477
Ba1Sr7Ti1Nb7O24,-4.345
Ba1Sr7Nb7V1O24,-4.284
Ba2Sr6Nb6Cr2O24,-4.168
Ba2Sr6Nb6Fe2O24,-3.845
Ba2Sr6Mn2Nb6O24,-3.889
Ba2Sr6Nb6Ni2O24,-3.823
Ba2Sr6Nb6Sn2O24,-4.367
Ba2Sr6Ti2Nb6O24,-4.235
Ba4Sr4Mn4Nb4O24,-2.776
Ba4Sr4Nb4Sn4O24,-2.906
Sr7Ca1Nb8O24,-4.47
Sr7Ca1Nb7Cr1O24,-4.374
Sr7Ca1Nb7Fe1O24,-4.153
Sr7Ca1Mn1Nb7O24,-4.213
Sr7Ca1Nb7Ni1O24,-4.13
Sr7Ca1Nb7Sn1O24,-4.424
Sr7Ca1Ta1Nb7O24,-4.554
Sr7Ca1Ti1Nb7O24,-4.429
Sr7Ca1Nb7V1O24,-4.348
Sr6Ca2Nb8O24,-4.514
Sr6Ca2Nb6Cr2O24,-4.224
Sr6Ca2Nb6Fe2O24,-3.945
Sr6Ca2Mn2Nb6O24,-3.961
Sr6Ca2Nb6Ni2O24,-3.872
Sr6Ca2Nb6Sn2O24,-4.446
Sr6Ca2Ta2Nb6O24,-4.687
Sr6Ca2Ti2Nb6O24,-4.388
Sr6Ca2Nb6V2O24,-4.292
Sr4Ca4Nb8O24,-4.585
Sr4Ca4Nb4Cr4O24,-3.153
Sr4Ca4Nb4Fe4O24,-2.628
Sr4Ca4Mn4Nb4O24,-3.001
Sr4Ca4Nb4Ni4O24,-2.141
Sr4Ca4Nb4Sn4O24,-3.207
Sr4Ca4Ti4Nb4O24,-4.368
Sr4Ca4Nb4V4O24,-3.821
Cs1Sr7Nb8O24,-4.288
Cs1Sr7Nb7Cr1O24,-4.116
Cs1Sr7Mn1Nb7O24,-4.001
Cs1Sr7Ta1Nb7O24,-4.362
Cs1Sr7Nb7V1O24,-4.136
Cs2Sr6Nb8O24,-4.07
Cs2Sr6Nb6Cr2O24,-3.825
Cs2Sr6Nb6Fe2O24,-3.366
Cs2Sr6Mn2Nb6O24,-3.183
Cs2Sr6Ta2Nb6O24,-4.213
Cs2Sr6Nb6V2O24,-3.551
Cs4Sr4Nb8O24,-3.732
Cs4Sr4Ta4Nb4O24,-4.009
Sr7La1Nb8O24,-4.72
Sr7La1Nb7Co1O24,-4.514
Sr7La1Nb7Cr1O24,-4.586
Sr7La1Nb7Fe1O24,-4.442
Sr7La1Mn1Nb7O24,-4.441
Sr7La1Nb7Ni1O24,-4.451
Sr7La1Sc1Nb7O24,-4.591
Sr7La1Ta1Nb7O24,-4.794
Sr7La1Ti1Nb7O24,-4.594
Sr7La1Nb7V1O24,-4.576
Sr6La2Nb8O24,-5.011
Sr6La2Nb6Co2O24,-4.344
Sr6La2Nb6Cr2O24,-4.636
Sr6La2Nb6Fe2O24,-4.447
Sr6La2Mn2Nb6O24,-4.343
Sr6La2Nb6Ni2O24,-4.264
Sr6La2Sc2Nb6O24,-4.609
Sr6La2Ta2Nb6O24,-5.157
Sr6La2Ti2Nb6O24,-4.74
Sr6La2Nb6V2O24,-4.62
Sr4La4Nb8O24,-5.373
Sr4La4Mn4Nb4O24,-3.877
Sr4La4Sc4Nb4O24,-4.912
Sr4La4Ta4Nb4O24,-5.558
Sr4La4Ti4Nb4O24,-5.009
Sr4La4Nb4V4O24,-4.705
Rb1Sr7Nb8O24,-4.324
Rb1Sr7Nb7Cr1O24,-4.157
Rb1Sr7Nb7Fe1O24,-4.041
Rb1Sr7Mn1Nb7O24,-4.029
Rb1Sr7Ta1Nb7O24,-4.397
Rb1Sr7Nb7V1O24,-4.178
Rb2Sr6Nb8O24,-4.156
Rb2Sr6Nb6Cr2O24,-3.91
Rb2Sr6Nb6Fe2O24,-3.456
Rb2Sr6Mn2Nb6O24,-3.517
Rb2Sr6Ta2Nb6O24,-4.304
Rb2Sr6Nb6V2O24,-3.616
Rb4Sr4Nb8O24,-3.873
Rb4Sr4Nb4Cr4O24,-2.135
Rb4Sr4Ta4Nb4O24,-4.167
Rb4Sr4Nb4V4O24,-2.846
Sr7Y1Nb8O24,-4.605
Sr6Y2Nb8O24,-4.805
Sr4Y4Nb8O24,-4.862
Sr7Zn1Nb8O24,-4.199
Sr6Zn2Nb8O24,-3.94
Sr4Zn4Nb8O24,-3.794
Sr8Nb7Cr1O24,-4.347
Sr8Nb6Cr2O24,-4.143
Sr8Nb4Cr4O24,-3.072
Sr8Nb7Fe1O24,-4.112
Sr8Nb6Fe2O24,-3.86
Sr8Nb4Fe4O24,-2.434
Sr8Nb7Ge1O24,-4.243
Sr8Nb4Ge4O24,-3.147
Sr8Hf1Nb7O24,-4.425
Sr8Hf2Nb6O24,-4.401
Sr8Hf4Nb4O24,-4.556
Sr8Mn1Nb7O24,-4.162
Sr8Mn4Nb4O24,-2.937
Sr8Nb7Mo1O24,-4.38
Sr8Nb6Mo2O24,-4.315
Sr8Nb4Mo4O24,-4.11
Sr8Nb7Ni1O24,-4.097
Sr8Nb6Ni2O24,-3.827
Sr8Nb4Ni4O24,-1.961
Sr8Nb7Ru1O24,-4.545
Sr8Nb6Ru2O24,-4.375
Sr8Nb4Ru4O24,-3.317
Sr8Nb7Sn1O24,-4.408
Sr8Nb4Sn4O24,-3.543
Sr8Ta1Nb7O24,-4.498
Sr8Ta2Nb6O24,-4.581
Sr8Ta4Nb4O24,-4.747
Sr8Ti1Nb7O24,-4.376
Sr8Ti2Nb6O24,-4.284
Sr8Ti4Nb4O24,-4.201
Sr8Nb7V1O24,-4.298
Sr8Nb6V2O24,-4.236
Sr8Zr1Nb7O24,-4.407
Sr8Zr2Nb6O24,-4.385
Sr8Zr4Nb4O24,-4.443
Ba1Sr7V7Cr1O24,-3.168
Ba1Sr7V7Fe1O24,-3.024
Ba1Sr7Mn1V7O24,-3.226
Ba1Sr7Nb1V7O24,-3.349
Ba1Sr7V7Ni1O24,-3.07
Ba1Sr7V7Sn1O24,-3.265
Ba1Sr7Ta1V7O24,-3.439
Ba1Sr7Ti1V7O24,-3.272
Ba2Sr6V6Cr2O24,-2.963
Ba2Sr6V6Fe2O24,-2.73
Ba2Sr6Mn2V6O24,-3.072
Ba2Sr6V6Ni2O24,-2.772
Ba2Sr6V6Sn2O24,-3.066
Ba2Sr6Ta2V6O24,-3.441
Ba2Sr6Ti2V6O24,-3.108
Ba4Sr4V4Cr4O24,-2.615
Ba4Sr4V4Fe4O24,-2.116
Ba4Sr4Mn4V4O24,-2.764
Ba4Sr4V4Ni4O24,-1.509
Ba4Sr4V4Sn4O24,-2.868
Ba4Sr4Ta4V4O24,-3.661
Ba4Sr4Ti4V4O24,-2.978
Sr7Ca1V7Cr1O24,-3.225
Sr7Ca1V7Fe1O24,-3.333
Sr7Ca1Mn1V7O24,-3.428
Sr7Ca1Nb1V7O24,-3.536
Sr7Ca1V7Ni1O24,-3.237
Sr7Ca1V7Sn1O24,-3.385
Sr7Ca1Ta1V7O24,-3.605
Sr7Ca1Ti1V7O24,-3.399
Sr6Ca2V6Cr2O24,-3.223
Sr6Ca2V6Fe2O24,-3.334
Sr6Ca2Mn2V6O24,-3.337
Sr6Ca2Nb2V6O24,-3.635
Sr6Ca2V6Ni2O24,-2.96
Sr6Ca2V6Sn2O24,-3.318
Sr6Ca2Ta2V6O24,-3.87
Sr6Ca2Ti2V6O24,-3.342
Sr4Ca4V4Cr4O24,-3.112
Sr4Ca4V4Fe4O24,-2.829
Sr4Ca4Mn4V4O24,-3.082
Sr4Ca4V4Ni4O24,-2.12
Sr4Ca4V4Sn4O24,-3.343
Sr4Ca4Ta4V4O24,-4.167
Sr4Ca4Ti4V4O24,-3.406
Cs1Sr7V8O24,-3.1
Cs1Sr7V7Cr1O24,-2.94
Cs1Sr7V7Fe1O24,-2.983
Cs1Sr7Mn1V7O24,-2.975
Cs1Sr7Nb1V7O24,-3.201
Cs1Sr7Ta1V7O24,-3.204
Cs2Sr6V8O24,-2.781
Cs2Sr6V6Cr2O24,-2.713
Cs2Sr6V6Fe2O24,-2.903
Cs2Sr6Mn2V6O24,-2.571
Cs2Sr6Nb2V6O24,-2.987
Cs2Sr6Ta2V6O24,-3.034
Cs4Sr4V4Cr4O24,-2.083
Cs4Sr4Ta4V4O24,-2.894
Sr7La1V7Co1O24,-3.388
Sr7La1V7Cr1O24,-3.587
Sr7La1V7Fe1O24,-3.508
Sr7La1Mn1V7O24,-3.463
Sr7La1Nb1V7O24,-3.643
Sr7La1V7Ni1O24,-3.335
Sr7La1Sc1V7O24,-3.455
Sr7La1Ta1V7O24,-3.836
Sr7La1Ti1V7O24,-3.618
Sr6La2V6Co2O24,-3.515
Sr6La2V6Cr2O24,-3.725
Sr6La2V6Fe2O24,-3.588
Sr6La2Mn2V6O24,-3.785
Sr6La2Nb2V6O24,-4.179
Sr6La2V6Ni2O24,-3.256
Sr6La2Sc2V6O24,-3.524
Sr6La2Ta2V6O24,-4.14
Sr4La4V4Co4O24,-3.479
Sr4La4V4Cr4O24,-4.004
Sr4La4V4Fe4O24,-3.616
Sr4La4Mn4V4O24,-4.279
Sr4La4V4Ni4O24,-3.171
Sr4La4Sc4V4O24,-3.833
Sr4La4Ta4V4O24,-5.252
Sr4La4Ti4V4O24,-4.478
Rb1Sr7V8O24,-3.149
Rb1Sr7V7Cr1O24,-2.976
Rb1Sr7V7Fe1O24,-3.095
Rb1Sr7Mn1V7O24,-3.017
Rb1Sr7Nb1V7O24,-3.243
Rb1Sr7Ta1V7O24,-3.249
Rb2Sr6V8O24,-2.857
Rb2Sr6V6Cr2O24,-2.787
Rb2Sr6V6Fe2O24,-2.666
Rb2Sr6Mn2V6O24,-2.669
Rb2Sr6Nb2V6O24,-3.075
Rb2Sr6Ta2V6O24,-3.103
Rb4Sr4V8O24,-2.995
Rb4Sr4V4Cr4O24,-3.492
Rb4Sr4V4Fe4O24,-1.788
Rb4Sr4Mn4V4O24,-1.741
Rb4Sr4Ta4V4O24,-2.924
Sr7Zn1V8O24,-3.317
Sr6Zn2V8O24,-3.127
Sr4Zn4V8O24,-3.099
Sr8Nb1V7O24,-3.504
Sr8Nb2V6O24,-3.703
Sr8Nb4V4O24,-3.913
Sr8V7Ni1O24,-3.132
Sr8V6Ni2O24,-2.857
Sr8V4Ru4O24,-3.11
Sr8Ta1V7O24,-3.549
Sr8Ta2V6O24,-3.751
Sr8Ta4V4O24,-3.902
